symbol,company_name_th,sector,roe,pe_ratio,de_ratio
NTF,บริษัท เอ็นทีเอฟ อินเตอร์กรุ๊ป (ประเทศไทย) จำกัด (มหาชน),Consumer Defensive,85.619,,41.071
ITD,บริษัท อิตาเลียนไทย ดีเวล๊อปเมนต์ จำกัด (มหาชน),Industrials,84.391,0.19827586,436.738
NETBAY,บริษัท เน็ตเบย์ จำกัด (มหาชน),Technology,58.331,14.927537,5.323
MRDIYT,บริษัท มิสเตอร์. ดี.ไอ.วาย. โฮลดิ้ง (ประเทศไทย) จำกัด (มหาชน),Consumer Cyclical,50.049,25.13889,160.548
ADVANC,บริษัท แอดวานซ์ อินโฟร์ เซอร์วิส จำกัด (มหาชน),Communication Services,46.813,23.215393,179.229
TACC,บริษัท ที.เอ.ซี. คอนซูเมอร์ จำกัด (มหาชน),Consumer Defensive,42.463002,11.632652,5.271
PIS,บริษัท โปร อินไซด์ จำกัด (มหาชน),Technology,41.43,22.25,122.082
COM7,บริษัท คอมเซเว่น จำกัด (มหาชน),Consumer Cyclical,41.257998,13.74269,109.545
FSMART,บริษัท ฟอร์ท สมาร์ท เซอร์วิส จำกัด (มหาชน),Communication Services,40.954,9.133333,56.619
TFG,บริษัท ไทยฟู้ดส์ กรุ๊ป จำกัด (มหาชน),Consumer Defensive,40.702,5.3305783,99.804
APO,บริษัท เอเชียนน้ำมันปาล์ม จำกัด (มหาชน),Consumer Defensive,39.956,3.6862745,12.469
PM,บริษัท พรีเมียร์ มาร์เก็ตติ้ง จำกัด (มหาชน),Consumer Defensive,38.728002000000004,10.701755,25.446
AUCT,บริษัท สหการประมูล จำกัด (มหาชน),Consumer Cyclical,37.680998,14.324325,199.831
SAV,บริษัท สามารถ เอวิเอชั่น โซลูชั่นส์ จำกัด (มหาชน),Industrials,37.612,15.301205,0.038
TMAN,บริษัท ที.แมน ฟาร์มาซูติคอล จำกัด (มหาชน),Healthcare,36.512001999999995,11.607142,49.608
TITLE,บริษัท ร่มโพธิ์ พร็อพเพอร์ตี้ จำกัด (มหาชน),Real Estate,36.485,17.826086,145.128
WGE,บริษัท เวล เกรด เอ็นจิเนียริ่ง จำกัด (มหาชน),Industrials,35.299,3.5652173,33.951
GULF,บริษัท กัลฟ์ ดีเวลลอปเมนท์ จำกัด (มหาชน),Utilities,35.041,33.91813,99.499
UVAN,บริษัท ยูนิวานิชน้ำมันปาล์ม จำกัด (มหาชน),Consumer Defensive,34.798,7.8609624,
NSL,บริษัท เอ็นเอสแอล ฟู้ดส์ จำกัด (มหาชน),Consumer Defensive,31.702,11.724137,15.783
PT,บริษัท พรีเมียร์ เทคโนโลยี จำกัด (มหาชน),Technology,31.601998,10.59829,6.455
BIZ,บริษัท บิสซิเนสอะไลเม้นท์ จำกัด (มหาชน),Healthcare,30.848,9.629629,34.739
GC,บริษัท โกลบอล คอนเน็คชั่นส์ จำกัด (มหาชน),Basic Materials,30.091,9.911112,124.764
88TH,บริษัท 88(ไทยแลนด์) จำกัด (มหาชน),Consumer Defensive,30.055,12.142858,2.667
IROYAL,บริษัท อินเตอร์รอแยล เอ็นจิเนียริ่ง จำกัด (มหาชน),Industrials,29.975,20.714287,0.262
APP,บริษัท แอพพลิแคด จำกัด (มหาชน),Technology,28.956,6.536586,4.137
MGC,บริษัท มิลเลนเนียม กรุ๊ป คอร์ปอเรชั่น (เอเชีย) จำกัด (มหาชน),Consumer Cyclical,28.837000000000003,3.878261,160.821
XO,บริษัท เอ็กโซติค ฟู้ด จำกัด (มหาชน),Consumer Defensive,28.809,12.2881365,2.291
AMARC,บริษัท ศูนย์ห้องปฏิบัติการและวิจัยทางการแพทย์และการเกษตรแห่งเอเซีย จำกัด (มหาชน),Technology,28.24,9.5,3.493
DELTA,บริษัทเดลต้า อีเลคโทรนิคส์ (ประเทศไทย) จำกัด (มหาชน),Industrials,28.091,144.44444,1.515
ADVICE,บริษัท แอดไวซ์ ไอที อินฟินิท จำกัด (มหาชน),Technology,27.629998,13.255814,37.835
MEB,บริษัท เมพ คอร์ปอเรชั่น จำกัด (มหาชน),Technology,27.339999999999996,10.592592,0.683
BOL,บริษัท บิซิเนส ออนไลน์ จำกัด (มหาชน),Industrials,27.217999999999996,14.428573,5.474
MOSHI,บริษัท โมชิ โมชิ รีเทล คอร์ปอเรชั่น จำกัด (มหาชน),Consumer Cyclical,26.533002,18.2266,62.538
SISB,บริษัท เอสไอเอสบี จำกัด (มหาชน),Consumer Defensive,26.247,12.058824,14.468
TFM,บริษัท ไทยยูเนี่ยน ฟีดมิลล์ จำกัด (มหาชน),Consumer Defensive,26.145000000000003,8.561644,8.705
BH,บริษัท โรงพยาบาลบำรุงราษฎร์ จำกัด (มหาชน),Healthcare,25.652,22.266975,0.342
SAUCE,บริษัท ไทยเทพรส จำกัด (มหาชน),Consumer Defensive,25.4,19.014084,
MCS,บริษัท เอ็ม.ซี.เอส.สตีล จำกัด (มหาชน),Basic Materials,24.912001,4.751244,6.835
HMPRO,บริษัท โฮม โปรดักส์ เซ็นเตอร์ จำกัด (มหาชน),Consumer Cyclical,24.757999,15.543478,98.037
VCOM,บริษัท วินท์คอม เทคโนโลยี จำกัด (มหาชน),Technology,24.619,9.105264,14.724
FORTH,บริษัท ฟอร์ท คอร์ปอเรชั่น จำกัด (มหาชน),Industrials,24.339001,33.541668,155.394
IDG,บริษัท อินดิจี จำกัด (มหาชน),Technology,24.207,9.705882,3.422
PSP,บริษัท พี.เอส.พี.สเปเชียลตี้ส์ จำกัด (มหาชน),Basic Materials,24.007,6.861539,44.981
SABINA,บริษัท ซาบีน่า จำกัด (มหาชน),Consumer Cyclical,23.788999,13.865545,6.127
TQM,บริษัท ทีคิวเอ็ม อัลฟา จำกัด (มหาชน),Financial Services,23.783001000000002,11.487602,34.121
OSP,บริษัท โอสถสภา จำกัด (มหาชน),Consumer Defensive,23.524,14.237288,3.553
JTS,บริษัท จัสมิน เทคโนโลยี โซลูชั่น จำกัด (มหาชน),Communication Services,23.486,195.83333,74.449
ICHI,บริษัท อิชิตัน กรุ๊ป จำกัด (มหาชน),Consumer Defensive,23.366,15.531916,1.549
TVO,บริษัท น้ำมันพืชไทย จำกัด (มหาชน),Consumer Defensive,23.104,8.98917,0.011
UMS,บริษัท ยูนิค ไมนิ่ง เซอร์วิสเซส จำกัด (มหาชน),Energy,22.738001,2.8888886,53.86
SO,บริษัท สยามราชธานี จำกัด (มหาชน),Industrials,22.543,8.32,109.152
BTG,บริษัท เบทาโกร จำกัด (มหาชน),Consumer Defensive,22.518,6.2427745,57.853
BA,บริษัท การบินกรุงเทพ จำกัด (มหาชน),Industrials,22.314999999999998,9.421965,179.872
MPJ,บริษัท เอ็ม พี เจ โลจิสติกส์ จำกัด (มหาชน),Industrials,22.311,6.779661,58.802
MAGURO,บริษัท มากุโระ กรุ๊ป จำกัด (มหาชน),Consumer Cyclical,22.186,21.284403,113.859
WINNER,บริษัท วินเนอร์กรุ๊ป เอ็นเตอร์ไพรซ์ จำกัด (มหาชน),Consumer Defensive,22.077999000000002,9.909091,62.18
MFC,บริษัทหลักทรัพย์จัดการกองทุน เอ็มเอฟซี จำกัด (มหาชน),Financial Services,21.766001,10.622222,23.458
FM,บริษัท ฟู้ดโมเม้นท์ จำกัด (มหาชน),Consumer Defensive,21.666000999999998,5.189189,8.867
TSC,บริษัท ไทยสตีลเคเบิล จำกัด (มหาชน),Consumer Cyclical,21.471001,10.820895,0.047
KLINIQ,บริษัท เดอะคลีนิกค์ คลินิกเวชกรรม จำกัด (มหาชน),Consumer Cyclical,21.401999999999997,15.471698,39.478
SWC,บริษัท เชอร์วู้ด คอร์ปอเรชั่น (ประเทศไทย) จำกัด (มหาชน),Basic Materials,21.326999999999998,14.413793,11.877
POLY,บริษัท โพลีเน็ต จำกัด (มหาชน),Industrials,21.280001000000002,12.666666,2.085
SFLEX,บริษัท สตาร์เฟล็กซ์ จำกัด (มหาชน),Consumer Cyclical,21.169001,9.882353,57.09
STP,บริษัท สหไทยการพิมพ์และบรรจุภัณฑ์ จำกัด (มหาชน),Basic Materials,20.916,6.5476193,10.556
MEGA,บริษัท เมก้า ไลฟ์ไซแอ็นซ์ จำกัด (มหาชน),Healthcare,20.868999,16.3242,6.691
NER,บริษัท นอร์ทอีส รับเบอร์ จำกัด (มหาชน),Basic Materials,20.714001,4.84,103.058
SRICHA,บริษัท ศรีราชาคอนสตรัคชั่น จำกัด (มหาชน),Industrials,20.639999,15.476191,26.632
AURA,บริษัท ออโรร่า ดีไซน์ จำกัด (มหาชน),Consumer Cyclical,20.567,14.9,175.623
PRM,บริษัท พริมา มารีน จำกัด (มหาชน),Energy,20.558001,8.265306,84.896
PYLON,บริษัท ไพลอน จำกัด (มหาชน),Industrials,20.4,17.444445,7.566
TKN,บริษัท เถ้าแก่น้อย ฟู๊ดแอนด์มาร์เก็ตติ้ง จำกัด (มหาชน),Consumer Defensive,20.261998000000002,14.333333,42.704
TTW,บริษัท ทีทีดับบลิว จำกัด (มหาชน),Utilities,20.212,11.52439,35.826
SIS,บริษัท เอสไอเอส ดิสทริบิวชั่น (ประเทศไทย) จำกัด (มหาชน),Technology,20.186001,9.36,28.081
SKIN,บริษัท สกิน ลาบอราทอรี่ จำกัด (มหาชน),Consumer Defensive,20.179,10.333334,1.709
WPH,บริษัท โรงพยาบาลวัฒนแพทย์ ตรัง จำกัด (มหาชน),Healthcare,20.113,16.195652,60.808
FLOYD,บริษัท ฟลอยด์ จำกัด (มหาชน),Industrials,20.054,4.9130435,
KAMART,บริษัท คาร์มาร์ท จำกัด (มหาชน),Consumer Defensive,20.049,17.26415,23.13
SAPPE,บริษัท เซ็ปเป้ จำกัด (มหาชน),Consumer Defensive,19.974001,11.818182,0.915
SNNP,บริษัท ศรีนานาพร มาร์เก็ตติ้ง จำกัด (มหาชน),Consumer Defensive,19.947,11.076923,92.799
SDC,บริษัท สามารถ ดิจิตอล จำกัด (มหาชน),Technology,19.832,inf,403.69
TSI,บริษัท ไทยเศรษฐกิจประกันภัย จำกัด (มหาชน),Financial Services,19.604999,3.0,11.044
RCL,บริษัท อาร์ ซี แอล จำกัด (มหาชน),Industrials,19.587,3.248731,31.542
JAS,บริษัท จัสมิน อินเตอร์เนชั่นแนล จำกัด (มหาชน),Communication Services,19.415002,5.0,20.807
TQR,บริษัท ที คิว อาร์ จำกัด (มหาชน),Financial Services,19.408001,11.704546,1.411
MC,บริษัท แม็คกรุ๊ป จำกัด (มหาชน),Consumer Cyclical,19.351,12.234042,31.362
SEI,บริษัท เอสอีไอ เมดิคัล จำกัด (มหาชน),Healthcare,19.253999,7.375,30.655
TPS,บริษัท เดอะแพรคทิเคิลโซลูชั่น จำกัด (มหาชน),Technology,19.232,8.51282,11.47
AU,บริษัท อาฟเตอร์ ยู จำกัด (มหาชน),Consumer Cyclical,19.062,16.290323,22.82
SECURE,บริษัท เอ็นฟอร์ซ ซีเคียว จำกัด (มหาชน),Technology,19.058001,9.696969,2.759
SMPC,บริษัท สหมิตรถังแก๊ส จำกัด (มหาชน),Industrials,19.014,8.348214,3.108
KK,บริษัท เคแอนด์เค ซุปเปอร์สโตร์ เซาท์เทิร์น จำกัด (มหาชน),Consumer Defensive,19.014,25.25,87.167
AAV,บริษัท เอเชีย เอวิเอชั่น จำกัด (มหาชน),Industrials,18.738002,15.125001,317.196
YUASA,บริษัท ยัวซ่าแบตเตอรี่ ประเทศไทย จำกัด (มหาชน),Consumer Cyclical,18.6,6.4473686,0.442
KJL,บริษัท กิจเจริญ เอ็นจิเนียริ่ง อีเลคทริค จำกัด (มหาชน),Industrials,18.394,7.905405,66.24
KTC,บริษัท บัตรกรุงไทย จำกัด (มหาชน),Financial Services,18.016,10.761589,129.809
TOA,บริษัท ทีโอเอ เพ้นท์ (ประเทศไทย) จำกัด (มหาชน),Basic Materials,17.977999999999998,12.558141,8.963
KDH,บริษัท ธนบุรี เมดิเคิล เซ็นเตอร์ จำกัด (มหาชน),Healthcare,17.833,10.885014,0.635
READY,บริษัท เรดดี้แพลนเน็ต จำกัด (มหาชน),Technology,17.179,9.812501,2.115
SANKO,บริษัท ซังโกะ ไดคาซติ้ง (ประเทศไทย) จำกัด (มหาชน),Consumer Cyclical,17.163,5.117647,27.448
CBG,บริษัท คาราบาวกรุ๊ป จำกัด (มหาชน),Consumer Defensive,16.869,19.073277,17.888
MTC,บริษัท เมืองไทย แคปปิตอล จำกัด (มหาชน),Financial Services,16.835,11.601308,338.889
SPVI,บริษัท เอส พี วี ไอ จำกัด (มหาชน),Technology,16.830000000000002,11.619048,29.614
CPN,บริษัท เซ็นทรัลพัฒนา จำกัด (มหาชน),Real Estate,16.740999000000002,16.309525,97.834
BBIK,บริษัท บลูบิค กรุ๊ป จำกัด (มหาชน),Industrials,16.736999,13.710691,2.801
SYNEX,บริษัท ซินเน็ค (ประเทศไทย) จำกัด (มหาชน),Technology,16.59,10.87912,154.081
TNP,บริษัท ธนพิริยะ จำกัด (มหาชน),Consumer Defensive,16.588,11.44,8.343
TEGH,บริษัท ไทยอีสเทิร์น กรุ๊ป โฮลดิ้งส์ จำกัด (มหาชน),Basic Materials,16.564,5.54386,92.487
SPREME,บริษัท สุพรีม ดิสทิบิวชั่น จำกัด (มหาชน),Technology,16.543,7.227273,1.732
EURO,บริษัท ยูโร ครีเอชั่นส์ จำกัด (มหาชน),Consumer Cyclical,16.514999,9.375,42.13
LHSC,ทรัสต์เพื่อการลงทุนในสิทธิการเช่าอสังหาริมทรัพย์ แอล เอช ช้อปปิ้ง เซ็นเตอร์,Real Estate,16.344998999999998,11.370968,32.292
PHOL,บริษัท ผลธัญญะ จำกัด (มหาชน),Industrials,16.318001,9.4375,18.681
NYT,บริษัท นามยง เทอร์มินัล จำกัด (มหาชน),Industrials,16.294000999999998,11.176471,79.684
CREDIT,ธนาคารไทยเครดิต จำกัด (มหาชน),Financial Services,16.284001,5.6748466,
KCG,บริษัท เคซีจี คอร์ปอเรชั่น จำกัด (มหาชน),Consumer Defensive,16.284001,11.279069,33.313
DITTO,บริษัท ดิทโต้ (ประเทศไทย) จำกัด (มหาชน),Technology,16.219,14.642858,0.658
METCO,บริษัทมูราโมโต้ อีเล็คตรอน (ประเทศไทย) จำกัด (มหาชน),Technology,15.705,5.1066217,1.908
TNR,บริษัท ไทยนิปปอนรับเบอร์อินดัสตรี้ จำกัด (มหาชน),Consumer Defensive,15.687999,8.088235,69.012
CPI,บริษัท ชุมพรอุตสาหกรรมน้ำมันปาล์ม จำกัด (มหาชน),Consumer Defensive,15.665000000000001,4.864865,26.338
SCP,บริษัท ทักษิณคอนกรีต จำกัด (มหาชน),Basic Materials,15.517001,7.4796743,2.62
PATO,บริษัท พาโตเคมีอุตสาหกรรม จำกัด (มหาชน),Basic Materials,15.458,13.725491,0.066
TISCO,บริษัท ทิสโก้ไฟแนนเชียลกรุ๊ป จำกัด (มหาชน),Financial Services,15.411,13.630953,
KISS,บริษัท โรจูคิส อินเตอร์เนชั่นแนล จำกัด (มหาชน),Consumer Defensive,15.340000000000002,13.538462,0.485
BDMS,บริษัท กรุงเทพดุสิตเวชการ จำกัด(มหาชน),Healthcare,15.302,20.384617,15.896
TIDLOR,บริษัท ติดล้อ โฮลดิ้งส์ จำกัด (มหาชน),Financial Services,15.274,11.411764,216.375
SPA,บริษัท สยามเวลเนสกรุ๊ป จำกัด (มหาชน),Consumer Cyclical,15.212,20.666666,78.255
TEAMG,บริษัท ทีม คอนซัลติ้ง เอนจิเนียริ่ง แอนด์ แมเนจเมนท์ จำกัด (มหาชน),Industrials,15.156998999999999,12.96,32.116
TPAC,บริษัท พลาสติค และหีบห่อไทย จำกัด (มหาชน),Consumer Cyclical,15.145000999999999,7.5609756,101.651
MBK,บริษัท เอ็ม บี เค จำกัด (มหาชน),Industrials,15.131,8.445378,117.864
IND,บริษัท อินเด็กซ์ อินเตอร์เนชั่นแนล กรุ๊ป จำกัด (มหาชน),Industrials,15.081,4.0689654,4.192
MGT,บริษัท เมกาเคม (ประเทศไทย) จำกัด (มหาชน),Basic Materials,15.048,7.5,16.867
DV8,บริษัท ดีวี8 จำกัด (มหาชน),Communication Services,14.979000000000001,44.8,0.955
SNPS,บริษัท สเปเชี่ยลตี้ เนเชอรัล โปรดักส์ จำกัด (มหาชน),Consumer Defensive,14.960999999999999,19.04,0.364
FTE,บริษัท ไฟร์เทรดเอ็นจิเนียริ่ง จำกัด (มหาชน),Industrials,14.926,9.5,10.536
AAI,บริษัท เอเชี่ยน อะไลอันซ์ อินเตอร์เนชั่นแนล จำกัด (มหาชน),Consumer Defensive,14.901,10.578947,3.654
TEAM,บริษัท ทีมพรีซิชั่น จำกัด (มหาชน),Technology,14.849,8.645162,0.038
AMATA,บริษัท อมตะ คอร์ปอเรชัน จำกัด (มหาชน),Real Estate,14.846,6.985294,70.41
PROEN,บริษัท โปรเอ็น คอร์ป จำกัด (มหาชน),Communication Services,14.835999999999999,4.5833335,63.852
ICN,บริษัท อินฟอร์เมชั่น แอนด์ คอมมิวนิเคชั่น เน็ทเวิร์คส จำกัด (มหาชน),Communication Services,14.829001,9.1,33.816
AIT,บริษัท แอ็ดวานซ์อินฟอร์เมชั่นเทคโนโลยี จำกัด (มหาชน),Technology,14.738000000000001,13.052631,8.992
CPW,บริษัท คอปเปอร์ ไวร์ด จำกัด (มหาชน),Technology,14.681,12.666666,130.365
ETC,บริษัท เอิร์ธ เท็ค เอนไวรอนเมนท์ จำกัด (มหาชน),Utilities,14.671999,2.9523811,19.265
PHG,บริษัท แพทย์รังสิตเฮลท์แคร์กรุ๊ป จำกัด (มหาชน),Healthcare,14.663,12.843138,0.339
TMW,บริษัท ไทยมิตซูวา จำกัด (มหาชน),Basic Materials,14.626999,4.577728,1.603
AKR,บริษัท เอกรัฐวิศวกรรม จำกัด (มหาชน),Industrials,14.577000000000002,5.5625,6.023
MEDEZE,บริษัท เมดีซ กรุ๊ป จำกัด (มหาชน),Healthcare,14.565,36.38889,0.731
PR9,บริษัท โรงพยาบาลพระรามเก้า จำกัด (มหาชน),Healthcare,14.543000000000001,18.076923,0.272
HTC,บริษัท หาดทิพย์ จำกัด (มหาชน),Consumer Defensive,14.452000000000002,10.89041,38.147
LTS,บริษัท ไลท์อัพ โทเทิล โซลูชั่น จำกัด (มหาชน),Consumer Cyclical,14.417,7.6129026,18.83
FPI,บริษัท ฟอร์จูน พาร์ท อินดัสตรี้ จำกัด (มหาชน),Consumer Cyclical,14.333999,7.7826085,39.225
TVH,บริษัท ไทยวิวัฒน์ โฮลดิ้งส์ จำกัด (มหาชน),Financial Services,14.293,6.7857146,0.176
NOBLE,บริษัท โนเบิล ดีเวลลอปเมนท์ จำกัด (มหาชน),Real Estate,14.216000000000001,3.7101448,205.496
PCC,บริษัท พรีไซซ คอร์ปอเรชั่น จำกัด (มหาชน),Industrials,14.181,6.923077,17.663
GABLE,บริษัท จีเอเบิล จำกัด (มหาชน),Technology,14.175001000000002,9.571429,4.41
CMAN,บริษัท เคมีแมน จำกัด (มหาชน),Basic Materials,14.166,6.736842,101.674
WASH,บริษัท ลอนดรี้ ยู จำกัด (มหาชน),Industrials,14.16,17.741936,131.443
ATLAS,บริษัท แอตลาส เอ็นเนอยี จำกัด (มหาชน),Energy,14.084,9.789474,171.076
ALUCON,บริษัท อลูคอน จำกัด (มหาชน),Basic Materials,13.962,9.016394,
TOG,บริษัท ไทยออพติคอล กรุ๊ป จำกัด (มหาชน),Healthcare,13.938,10.0,62.08
SCL,บริษัท เอส.ซี.แอล.มอเตอร์ พาร์ท จำกัด (มหาชน),Consumer Cyclical,13.913,6.75,117.516
SAWAD,บริษัท ศรีสวัสดิ์ คอร์ปอเรชั่น จำกัด (มหาชน),Financial Services,13.828,9.375,156.86
WHA,บริษัท ดับบลิวเอชเอ คอร์ปอเรชั่น จำกัด (มหาชน),Real Estate,13.713999,12.909091,122.675
TSTH,บริษัท ทาทา สตีล (ประเทศไทย) จำกัด (มหาชน),Basic Materials,13.686000000000002,3.6000001,4.022
PACO,บริษัท เพรสซิเด้นท์ ออโตโมบิล อินดัสทรีส์ จำกัด (มหาชน),Consumer Cyclical,13.677,9.142857,15.184
SKN,บริษัท ส.กิจชัย เอ็นเตอร์ไพรส์ จำกัด (มหาชน),Basic Materials,13.649000000000001,9.507043,12.24
IT,บริษัท ไอที ซิตี้ จำกัด (มหาชน),Technology,13.622,8.510638,136.934
TIPH,บริษัท ทิพย กรุ๊ป โฮลดิ้งส์ จำกัด (มหาชน),Financial Services,13.594999999999999,9.904762,15.364
PRTR,บริษัท พีอาร์ทีอาร์ กรุ๊ป จำกัด (มหาชน),Industrials,13.503000000000002,8.9743595,1.146
BLA,บริษัท กรุงเทพประกันชีวิต จำกัด (มหาชน),Financial Services,13.497,5.171569,
SKY,บริษัท สกาย ไอซีที จำกัด (มหาชน),Technology,13.479,14.947369,81.168
PDG,บริษัท พรอดดิจิ จำกัด (มหาชน),Consumer Cyclical,13.358,10.4827585,
ASW,บริษัท แอสเซทไวส์ จำกัด (มหาชน),Real Estate,13.267000000000001,8.526317,162.056
SAK,บริษัท ศักดิ์สยามลิสซิ่ง จำกัด (มหาชน),Financial Services,13.252,8.714286,122.844
AOT,บริษัท ท่าอากาศยานไทย จำกัด (มหาชน),Industrials,13.235,42.479675,32.854
GUNKUL,บริษัท กันกุลเอ็นจิเนียริ่ง จำกัด (มหาชน),Utilities,13.205,11.047619,98.134
DRT,บริษัท ผลิตภัณฑ์ตราเพชร จำกัด (มหาชน),Industrials,12.985,12.666667,46.316
MOTHER,บริษัท มาเธอร์ มาร์เก็ตติ้ง จำกัด (มหาชน),Consumer Cyclical,12.887,17.142859,41.443
PROSPECT,ทรัสต์เพื่อการลงทุนในอสังหาริมทรัพย์และสิทธิการเช่าอสังหาริมทรัพย์ พรอสเพค โลจิสติกส์และอินดัสเทรียล,Real Estate,12.873999999999999,10.873015,73.712
ASIMAR,บริษัท เอเชียน มารีน เซอร์วิสส์ จำกัด (มหาชน),Industrials,12.826,6.9565215,52.662
UPOIC,บริษัท สหอุตสาหกรรมน้ำมันปาล์ม จำกัด (มหาชน),Consumer Defensive,12.823,12.129629,8.433
SUN,บริษัท ซันสวีท จำกัด (มหาชน),Consumer Defensive,12.812999999999999,12.0,30.883
DCC,บริษัท ไดนาสตี้เซรามิค จำกัด (มหาชน),Industrials,12.745999999999999,12.3,34.36
KGI,บริษัทหลักทรัพย์ เคจีไอ (ประเทศไทย) จำกัด (มหาชน),Financial Services,12.659,9.061224,34.012
DMT,บริษัท ทางยกระดับดอนเมือง จำกัด (มหาชน),Industrials,12.638,14.23077,0.471
MAJOR,บริษัท เมเจอร์ ซีนีเพล็กซ์ กรุ้ป จำกัด (มหาชน),Communication Services,12.611,9.345239,107.733
KBS,บริษัท น้ำตาลครบุรี จำกัด (มหาชน),Consumer Defensive,12.590000000000002,5.882353,67.583
KCC,บริษัท ไนท คลับ แคปปิตอล โฮลดิ้ง จำกัด (มหาชน),Financial Services,12.479,9.44,93.135
MASTEC,บริษัท แมสเทค ลิ้งค์ จำกัด (มหาชน),Industrials,12.477,8.0625,106.833
ITC,บริษัท ไอ-เทล คอร์ปอเรชั่น จำกัด (มหาชน),Consumer Defensive,12.417,16.363638,0.217
TRUE,บริษัท ทรู คอร์ปอเรชั่น จำกัด (มหาชน),Communication Services,12.203,,577.067
PRI,บริษัท พรีโม เซอร์วิส โซลูชั่น จำกัด (มหาชน),Real Estate,12.177,7.118644,3.898
ILM,บริษัท อินเด็กซ์ ลิฟวิ่งมอลล์ จำกัด (มหาชน),Consumer Cyclical,12.1120006,9.662162,64.268
S&J,บ.เอส แอนด์ เจ อินเตอร์เนชั่นแนล เอนเตอร์ไพรส์ จำกัด (มหาชน),,12.01,,5.344
RJH,บริษัท โรงพยาบาลราชธานี จำกัด (มหาชน),Healthcare,11.972999600000001,16.04651,57.566
SICT,บริษัท ซิลิคอน คราฟท์ เทคโนโลยี จำกัด (มหาชน),Technology,11.9490005,12.315789,1.561
NTSC,บริษัท นิวทรีชั่น เอสซี จำกัด (มหาชน),Basic Materials,11.933,6.861702,9.683
HANN,บริษัท โรงพยาบาลมุกดาหารอินเตอร์เนชั่นแนล จำกัด (มหาชน),Healthcare,11.9219996,21.199999,25.841
GFPT,บริษัท จีเอฟพีที จำกัด (มหาชน),Consumer Defensive,11.9160004,5.0793653,19.24
LTMH,บริษัท แอลทีเอ็มเอช จำกัด (มหาชน),Communication Services,11.895,22.4,8.89
OHTL,บริษัท โอเอชทีแอล จำกัด (มหาชน),Consumer Cyclical,11.88,15.103415,70.792
PLANB,บริษัท แพลน บี มีเดีย จำกัด (มหาชน),Communication Services,11.833,18.48,27.684
SEAOIL,บริษัท ซีออยล์ จำกัด (มหาชน),Energy,11.7790006,9.142858,1.572
WP,บริษัท ดับบลิวพี เอ็นเนอร์ยี่ จำกัด (มหาชน),Utilities,11.737,13.428572,32.754
LRH,บริษัท ลากูน่า รีสอร์ท แอนด์ โฮเท็ล จำกัด (มหาชน),Consumer Cyclical,11.723,3.6804798,34.123
CPF,บริษัท เจริญโภคภัณฑ์อาหาร จำกัด (มหาชน),Consumer Defensive,11.709999999999999,5.852273,205.188
LPH,บริษัท โรงพยาบาล ลาดพร้าว จำกัด (มหาชน),Healthcare,11.63,16.26087,17.222
KWC,บริษัท กรุงเทพโสภณ จำกัด (มหาชน),Real Estate,11.6160005,17.127071,1.472
ROCTEC,บริษัท ร็อคเทค โกลบอล จำกัด (มหาชน),Technology,11.598,10.166667,7.358
ASEFA,บริษัท อาซีฟา จำกัด (มหาชน),Industrials,11.5830004,9.809524,47.77
PJW,บริษัท ปัญจวัฒนาพลาสติก จำกัด (มหาชน),Consumer Cyclical,11.569,7.5862074,106.241
SELIC,บริษัท ซีลิค คอร์พ จำกัด (มหาชน),Basic Materials,11.517999,12.09091,37.869
ROCK,บริษัท ร้อกเวิธ จำกัด (มหาชน),Consumer Cyclical,11.4870004,4.686192,53.848
TNH,บริษัท โรงพยาบาลไทยนครินทร์ จำกัด (มหาชน),Healthcare,11.4580005,15.238096,0.045
NCP,บริษัท ไนซ์ คอล จำกัด (มหาชน),Industrials,11.440999999999999,9.454545,0.67
ASIAN,บริษัท เอเชี่ยนซี คอร์ปอเรชั่น จำกัด (มหาชน),Consumer Defensive,11.434,8.928572,0.318
TFMAMA,บริษัท ไทยเพรซิเดนท์ฟูดส์ จำกัด (มหาชน),Consumer Defensive,11.392,15.876975,0.214
SNP,บริษัท เอส แอนด์ พี ซินดิเคท จำกัด (มหาชน),Consumer Cyclical,11.371,16.491228,22.224
PTTEP,บริษัท ปตท.สำรวจและผลิตปิโตรเลียม จำกัด (มหาชน),Energy,11.359999,9.255599,24.4
MASTER,บริษัท มาสเตอร์ สไตล์ จำกัด (มหาชน),Healthcare,11.315999999999999,8.32,18.719
UNIQ,บริษัท ยูนิค เอ็นจิเนียริ่ง แอนด์ คอนสตรัคชั่น จำกัด (มหาชน),Industrials,11.277000600000001,3.186813,211.574
PIN,บริษัท ปิ่นทอง อินดัสเตรียล ปาร์ค จำกัด (มหาชน),Real Estate,11.214,7.3103447,104.191
JDF,บริษัท เจดีฟู้ด จำกัด (มหาชน),Consumer Defensive,11.209,13.266666,0.299
AEONTS,บริษัท อิออน ธนสินทรัพย์ (ไทยแลนด์) จำกัด (มหาชน),Financial Services,11.2069994,7.8391547,217.268
NCAP,บริษัท เน็คซ์ แคปปิตอล จำกัด (มหาชน),Financial Services,11.178,6.878049,100.103
STECON,บริษัท สเตคอน กรุ๊ป จำกัด (มหาชน),Industrials,11.159000500000001,9.769231,55.033
NEO,บริษัท นีโอ คอร์ปอเรท จำกัด (มหาชน),Consumer Defensive,11.1549996,10.331754,53.105
VIH,บริษัท ศรีวิชัยเวชวิวัฒน์ จำกัด (มหาชน),Healthcare,11.0649996,14.000001,1.864
GPI,บริษัท กรังด์ปรีซ์ อินเตอร์เนชั่นแนล จำกัด (มหาชน),Communication Services,11.06,11.785714,1.844
PMC,บริษัท พีเอ็มซี เลเบิล แมททีเรียลส์ จำกัด (มหาชน),Consumer Cyclical,11.033,5.0588236,47.58
KTB,ธนาคารกรุงไทย จำกัด (มหาชน),Financial Services,11.021,10.30303,
BWG,บริษัท เบตเตอร์ เวิลด์ กรีน จำกัด (มหาชน),Industrials,11.01,4.2857146,28.891
CRD,บริษัท เชียงใหม่ริมดอย จำกัด (มหาชน),Industrials,10.940999999999999,7.0,29.861
UTP,บริษัท ยูไนเต็ด เปเปอร์ จำกัด (มหาชน),Basic Materials,10.771,9.506172,0.098
JPARK,บริษัท เจนก้องไกล จำกัด (มหาชน),Industrials,10.732,14.952382,18.027
S11,บริษัท เอส 11 กรุ๊ป จำกัด (มหาชน),Financial Services,10.6680006,6.451613,70.987
D,บริษัท เดนทัล คอร์ปอเรชั่น จำกัด (มหาชน),Healthcare,10.647,16.222221,38.014
PCSGH,บริษัท พี.ซี.เอส.แมชีน กรุ๊ปโฮลดิ้ง จำกัด (มหาชน),Consumer Cyclical,10.641,8.27027,3.602
SEAFCO,บริษัท ซีฟโก้ จำกัด (มหาชน),Industrials,10.629,51.199997,15.925
BIOTEC,บริษัท ไบโอ กรีน เอ็นเนอร์ยี่ เทค จำกัด (มหาชน),Basic Materials,10.615,4.75,50.069
LH,บริษัทแลนด์แอนด์เฮ้าส์ จำกัด (มหาชน),Real Estate,10.6070004,8.893617,147.873
III,บริษัท ทริพเพิล ไอ โลจิสติกส์ จำกัด (มหาชน),Industrials,10.571,7.8076925,16.668
PTG,บริษัท พีทีจี เอ็นเนอยี จำกัด (มหาชน),Consumer Cyclical,10.5399996,17.818182,283.957
EFORL,บริษัท อี ฟอร์ แอล เอม จำกัด (มหาชน),Healthcare,10.5340004,14.0,50.181
CRC,บริษัท เซ็นทรัล รีเทล คอร์ปอเรชั่น จำกัด (มหาชน),Consumer Cyclical,10.5340004,17.391304,204.198
TMD,บริษัท อุตสาหกรรมถังโลหะไทย จำกัด (มหาชน),Consumer Cyclical,10.497,11.538462,
RPH,บริษัท โรงพยาบาลราชพฤกษ์ จำกัด (มหาชน),Healthcare,10.488,15.151515,0.192
BLC,บริษัท บางกอกแล็ป แอนด์ คอสเมติค จำกัด (มหาชน),Consumer Defensive,10.477000499999999,13.4482765,13.301
EKH,บริษัท เอกชัยการแพทย์ จำกัด (มหาชน),Healthcare,10.474,16.999998,3.238
HUMAN,บริษัท ฮิวแมนิก้า จำกัด (มหาชน),Technology,10.439,12.380952,
PMTA,บริษัท พีเอ็ม โทรีเซน เอเชีย โฮลดิ้งส์ จำกัด (มหาชน),Basic Materials,10.424,6.280488,47.746
TU,บริษัท ไทยยูเนี่ยน กรุ๊ป จำกัด (มหาชน),Consumer Defensive,10.416,10.17094,149.423
AS,บริษัท แอสเฟียร์ อินโนเวชั่นส์ จำกัด (มหาชน),Communication Services,10.413,10.5,4.835
TRU,บริษัท ไทยรุ่งยูเนียนคาร์ จำกัด (มหาชน),Consumer Cyclical,10.413,6.5,0.351
MJLF,กองทุนรวมสิทธิการเช่าอสังหาฯ เมเจอร์ ซีนีเพล็กซ์ ไลฟ์สไตส์,,10.38,3.741007,0.699
BEM,บริษัท ทางด่วนและรถไฟฟ้ากรุงเทพ จำกัด (มหาชน),Industrials,10.378,23.269232,303.834
ARROW,บริษัท แอร์โรว์ ซินดิเคท จำกัด (มหาชน),Industrials,10.3360005,10.490196,14.436
ATP30,บริษัท เอทีพี 30 จำกัด (มหาชน),Industrials,10.311,10.222222,85.152
BKIH,บริษัท บีเคไอ โฮลดิ้งส์ จำกัด (มหาชน),Financial Services,10.311,12.144803,2.904
INET,บริษัท อินเทอร์เน็ตประเทศไทย จำกัด (มหาชน),Technology,10.2690004,6.758621,206.109
SAMART,บริษัท สามารถคอร์ปอเรชั่น จำกัด (มหาชน),Technology,10.263,13.510638,73.497
UP,บริษัท ยูเนี่ยนพลาสติก จำกัด (มหาชน),Consumer Cyclical,10.237,9.747899,0.186
CHG,บริษัท โรงพยาบาลจุฬารัตน์ จำกัด (มหาชน),Healthcare,10.227,22.857143,8.298
PROUD,บริษัท พราว เรียล เอสเตท จำกัด (มหาชน),Real Estate,10.177,8.583333,217.656
BCH,บริษัท บางกอก เชน ฮอสปิทอล จำกัด (มหาชน),Healthcare,10.158000000000001,20.980392,8.255
VARO,บริษัท วโรปกรณ์ จำกัด (มหาชน),Basic Materials,10.149,4.795699,72.634
OR,บริษัท ปตท. น้ำมันและการค้าปลีก จำกัด (มหาชน),Energy,10.147,14.042553,20.703
SSF,บริษัท สุรพลฟู้ดส์ จำกัด (มหาชน),Consumer Defensive,10.142,10.1,19.964
APCO,บริษัท เอเชียน ไฟย์โตซูติคอลส์ จำกัด (มหาชน),Consumer Defensive,10.109,30.888887,2.438
LST,บริษัท ล่ำสูง (ประเทศไทย) จำกัด (มหาชน),Consumer Defensive,10.098,7.4375005,22.515
MINT,บริษัท ไมเนอร์ อินเตอร์เนชั่นแนล จำกัด (มหาชน),Consumer Cyclical,10.034,18.68217,191.425
LHK,บริษัท โลหะกิจ เม็ททอล จำกัด (มหาชน),Basic Materials,10.023,12.592592,5.628
PB,บริษัท เพรซิเดนท์ เบเกอรี่ จำกัด (มหาชน),Consumer Defensive,9.940999999999999,16.5529,0.176
NTV,บริษัท โรงพยาบาลนนทเวช จำกัด (มหาชน),Healthcare,9.924,13.526011,
AP,บริษัท เอพี (ไทยแลนด์) จำกัด (มหาชน),Real Estate,9.91,6.594203,74.381
NKT,บริษัท โรงพยาบาลนครธน จำกัด (มหาชน),Healthcare,9.899,11.351351,4.248
TCAP,บริษัท ทุนธนชาต จำกัด (มหาชน),Financial Services,9.837,8.185539,
LANNA,บริษัท ลานนารีซอร์สเซส จำกัด (มหาชน),Energy,9.814,9.55414,14.64
CK,บริษัท ช.การช่าง จำกัด (มหาชน),Industrials,9.8120004,10.559006,166.538
CPALL,บริษัท ซีพี ออลล์ จำกัด (มหาชน),Consumer Defensive,9.790000000000001,16.451612,133.418
SCCC,บริษัท ปูนซีเมนต์นครหลวง จำกัด (มหาชน),Basic Materials,9.751999999999999,12.83035,50.48
SCB,บริษัท เอสซีบี เอกซ์ จำกัด (มหาชน),Financial Services,9.678,10.123542,
KUMWEL,บริษัท คัมเวล คอร์ปอเรชั่น จำกัด (มหาชน),Industrials,9.659000500000001,8.846154,32.544
SPC,บริษัท สหพัฒนพิบูล จำกัด (มหาชน),Consumer Defensive,9.618,7.1473155,0.105
AMA,บริษัท อาม่า มารีน จำกัด (มหาชน),Industrials,9.5699996,7.777777,32.434
LEE,บริษัท ลีพัฒนาผลิตภัณฑ์ จำกัด (มหาชน),Consumer Defensive,9.503,30.0,1.108
FTREIT,ทรัสต์เพื่อการลงทุนในอสังหาริมทรัพย์และสิทธิการเช่าอสังหาริมทรัพย์เพื่ออุตสาหกรรม เฟรเซอร์ส พร็อพเพอร์ตี้,Real Estate,9.4849996,10.952381,40.469
TEKA,บริษัท ฑีฆาก่อสร้าง จำกัด (มหาชน),Industrials,9.405,9.25,6.171
ERW,บริษัท ดิ เอราวัณ กรุ๊ป จำกัด (มหาชน),Consumer Cyclical,9.386,18.235292,149.369
SYNTEC,บริษัท ซินเท็ค คอนสตรัคชั่น จำกัด (มหาชน),Industrials,9.373,5.0857143,16.638
SNC,บริษัท เอส เอ็น ซี ฟอร์เมอร์ จำกัด (มหาชน),Technology,9.354999999999999,3.488372,67.752
KKP,ธนาคารเกียรตินาคินภัทร จำกัด (มหาชน),Financial Services,9.297,10.704324,
MANRIN,บริษัท แมนดารินโฮเต็ล จำกัด (มหาชน),Consumer Cyclical,9.292,15.161291,32.677
EPG,บริษัท อีสเทิร์นโพลีเมอร์ กรุ๊ป จำกัด (มหาชน),Basic Materials,9.292,9.365853,38.756
MFEC,บริษัท เอ็ม เอฟ อี ซี จำกัด (มหาชน),Technology,9.284,11.037736,9.946
SVI,บริษัท เอสวีไอ จำกัด (มหาชน),Technology,9.267,22.272726,26.095
PPM,บริษัท พรพรหมเม็ททอล จำกัด (มหาชน),Industrials,9.245000000000001,5.1538463,60.738
AKP,บริษัท อัคคีปราการ จำกัด (มหาชน),Industrials,9.244,4.733333,4.361
HTECH,บริษัท แฮลเซี่ยน เทคโนโลยี่ จำกัด (มหาชน),Industrials,9.208999599999999,6.95,6.83
PANEL,บริษัท เพเนเล่ส์มาติก โซลูชั่นส์ จำกัด (มหาชน),Industrials,9.167,10.076923,2.352
SONIC,บริษัท โซนิค อินเตอร์เฟรท จำกัด (มหาชน),Industrials,9.16,8.6470585,17.295
STANLY,บริษัท ไทยสแตนเลย์การไฟฟ้า จำกัด (มหาชน),Consumer Cyclical,9.119,8.0239525,
ITNS,บริษัท อินเตอร์เนชั่นแนล เน็ตเวิร์ค ซิสเต็ม จำกัด (มหาชน),Technology,9.060001,9.526316,4.286
NNCL,บริษัท นวนคร จำกัด (มหาชน),Utilities,9.048,10.266666,2.746
UKEM,บริษัท ยูเนี่ยน ปิโตรเคมีคอล จำกัด (มหาชน),Basic Materials,9.0270005,10.166667,86.645
CKP,บริษัท ซีเค พาวเวอร์ จำกัด (มหาชน),Utilities,9.017,7.117647,75.103
CENTEL,บริษัท โรงแรมเซ็นทรัลพลาซา จำกัด (มหาชน),Consumer Cyclical,9.017,25.168919,140.611
ALLA,บริษัท ออลล่า จำกัด (มหาชน),Industrials,8.9779995,8.714286,1.001
STECH,บริษัท สยามเทคนิคคอนกรีต จำกัด (มหาชน),Basic Materials,8.9490004,5.4210525,69.62
RBF,บริษัท อาร์ แอนด์ บี ฟู้ด ซัพพลาย จำกัด (มหาชน),Consumer Defensive,8.9379996,17.181818,3.984
UBA,บริษัท ยูทิลิตี้ บิสิเนส อัลลายแอนซ์ จำกัด (มหาชน),Industrials,8.931000000000001,10.599999,0.14
JCT,บริษัท แจ๊กเจียอุตสาหกรรม (ไทย) จำกัด (มหาชน),Consumer Defensive,8.8970006,9.133042,
ORN,บริษัท อรสิริน โฮลดิ้ง จํากัด (มหาชน),Real Estate,8.8640004,5.642857,63.186
CCET,บริษัท แคล-คอมพ์ อีเล็คโทรนิคส์ (ประเทศไทย) จำกัด (มหาชน),Technology,8.849,25.0,74.002
BM,บริษัท บางกอกชีทเม็ททัล จำกัด (มหาชน),Industrials,8.842,8.0,40.691
SORKON,บริษัท ส. ขอนแก่นฟู้ดส์ จำกัด (มหาชน),Consumer Defensive,8.8240005,10.914286,101.229
ITTHI,บริษัท อิทธิฤทธิ์ ไนซ์ คอร์ปอเรชั่น จำกัด (มหาชน),Consumer Cyclical,8.7910004,11.25,11.739
SK,บริษัท ศิรกร จำกัด (มหาชน),Basic Materials,8.7340005,6.8750005,1.099
BIS,บริษัท ไบโอซายน์ แอนิมัล เฮลธ์ จำกัด (มหาชน),Consumer Defensive,8.723,9.333334,0.824
GTB,บริษัท เจตาแบค จำกัด (มหาชน),Industrials,8.688,8.75,3.717
NEW,บริษัท วัฒนาการแพทย์ จำกัด (มหาชน),Healthcare,8.652999999999999,28.5877,5.104
TKS,บริษัท ที.เค.เอส. เทคโนโลยี จำกัด (มหาชน),Industrials,8.636000000000001,11.964285,15.404
LOXLEY,บริษัท ล็อกซเล่ย์ จำกัด (มหาชน),Industrials,8.6260006,16.999998,36.592
ADB,บริษัท แอ็พพลาย ดีบี จำกัด (มหาชน),Basic Materials,8.607,14.5,27.574
SAT,บริษัท สมบูรณ์ แอ๊ดวานซ์ เทคโนโลยี จำกัด (มหาชน),Consumer Cyclical,8.605,9.5348835,0.78
HYDROGEN,ทรัสต์เพื่อการลงทุนในอสังหาริมทรัพย์และสิทธิการเช่าไฮโดรเจน,Real Estate,8.591999999999999,10.8,46.289
JAK,บริษัท จักรไพศาล เอสเตท จำกัด (มหาชน),Real Estate,8.575000000000001,8.888888,36.593
CTARAF,กองทุนรวมสิทธิการเช่าอสังหาริมทรัพย์โรงแรมและรีสอร์ทในเครือฯ,,8.569,13.222222,
TTB,ธนาคารทหารไทยธนชาต จำกัด (มหาชน),Financial Services,8.564,10.545454,
SE,บริษัท สยามอีสต์ โซลูชั่น จำกัด (มหาชน),Industrials,8.556999999999999,8.0,1.818
BRR,บริษัท น้ำตาลบุรีรัมย์ จำกัด (มหาชน),Consumer Defensive,8.553000500000001,9.0,98.333
BAREIT,ทรัสต์เพื่อการลงทุนในสิทธิการเช่าอสังหาริมทรัพย์สนามบินการบินกรุงเทพ,Real Estate,8.552,13.17647,40.01
KBANK,ธนาคารกสิกรไทย จำกัด (มหาชน),Financial Services,8.5439995,9.754902,
SFT,บริษัท ชริ้งเฟล็กซ์ (ประเทศไทย) จำกัด (มหาชน),Industrials,8.5389994,12.928571,18.137
TC,บริษัท ทรอปิคอลแคนนิ่ง (ประเทศไทย) จำกัด (มหาชน),Consumer Defensive,8.527,7.571429,8.515
KTMS,บริษัท เคที เมดิคอล เซอร์วิส จำกัด (มหาชน),Healthcare,8.4960006,15.307693,12.258
THREL,บริษัท ไทยรีประกันชีวิต จำกัด (มหาชน),Financial Services,8.4580004,10.0,1.567
FUTURERT,ทรัสต์เพื่อการลงทุนในสิทธิการเช่าอสังหาริมทรัพย์ฟิวเจอร์ซิตี้,Real Estate,8.437999999999999,,128.111
SVOA,บริษัท เอสวีโอเอ จำกัด (มหาชน),Technology,8.422,7.478261,104.333
EASON,บริษัท อีซึ่น แอนด์ โค จำกัด (มหาชน),Basic Materials,8.4180005,9.818182,2.164
BUI,บริษัท บางกอกสหประกันภัย จำกัด (มหาชน),Financial Services,8.3739996,6.875,4.192
THANI,บริษัท ราชธานีลิสซิ่ง จำกัด (มหาชน),Financial Services,8.366999999999999,12.066666,186.06
HL,บริษัท เฮลท์ลีด จำกัด (มหาชน),Healthcare,8.341999999999999,22.741936,31.582
TGE,บริษัท ท่าฉาง กรีน เอ็นเนอร์ยี่ จำกัด (มหาชน),Utilities,8.327,14.888888,16.495
TGH,บริษัท ไทยกรุ๊ป โฮลดิ้งส์ จำกัด (มหาชน),Financial Services,8.245,9.40171,181.337
BVG,บริษัท บลูเวนเจอร์ กรุ๊ป จำกัด (มหาชน),Technology,8.207,12.214286,1.063
TTA,บริษัท โทรีเซนไทย เอเยนต์ซีส์ จำกัด (มหาชน),Industrials,8.201,4.047619,37.675
BBL,ธนาคารกรุงเทพ จำกัด (มหาชน),Financial Services,8.1879996,6.860055,
M,บริษัท เอ็มเค เรสโตรองต์ กรุ๊ป จำกัด (มหาชน),Consumer Cyclical,8.184,18.083334,19.439
TOP,บริษัท ไทยออยล์ จำกัด (มหาชน),Energy,8.1499994,8.23124,69.274
ADD,บริษัท แอดเทค ฮับ จำกัด (มหาชน),Communication Services,8.135,25.25,1.14
PSGC,บริษัท พีเอสจี คอร์ปอเรชั่น จำกัด (มหาชน),Industrials,8.084,29.692308,0.947
SKR,บริษัท ศิครินทร์ จำกัด (มหาชน),Healthcare,8.0240004,22.5,8.492
BAY,ธนาคารกรุงศรีอยุธยา จำกัด (มหาชน),Financial Services,8.0019996,6.235154,
SIRI,บริษัท แสนสิริ จำกัด (มหาชน),Real Estate,7.9750000000000005,7.0,144.285
AMATAR,ทรัสต์เพื่อการลงทุนในอสังหาริมทรัพย์และสิทธิการเช่าอมตะซัมมิทโกรท,Real Estate,7.9450004000000005,8.3125,23.599
SCAP,บริษัท ศรีสวัสดิ์ แคปปิตอล 1969 จำกัด (มหาชน),Financial Services,7.8950000000000005,7.666666,153.836
AGE,บริษัท เอเชีย กรีน เอนเนอจี จำกัด (มหาชน),Energy,7.856000000000001,4.7083335,111.259
PIMO,บริษัท ไพโอเนียร์ มอเตอร์ จำกัด (มหาชน),Industrials,7.829999999999999,9.454545,0.189
INETREIT,ทรัสต์เพื่อการลงทุนในอสังหาริมทรัพย์และสิทธิการเช่าอสังหาริมทรัพย์ไอเน็ต,Real Estate,7.822,7.102273,21.025
IHL,บริษัท อินเตอร์ไฮด์ จำกัด (มหาชน),Consumer Cyclical,7.6859996,6.9545455,128.926
GLOBAL,บริษัท สยามโกลบอลเฮ้าส์ จำกัด (มหาชน),Consumer Cyclical,7.651,21.285713,43.398
ANI,บริษัท เอเชีย เน็ตเวิร์ค อินเตอร์เนชั่นแนล จำกัด (มหาชน),Industrials,7.614,9.032258,9.792
CPT,บริษัท ซีพีที ไดร์ แอนด์ เพาเวอร์ จำกัด (มหาชน),Industrials,7.613,12.5,
AYUD,บริษัท อลิอันซ์ อยุธยา แคปปิตอล จำกัด (มหาชน),Financial Services,7.602,13.718411,0.899
TATG,บริษัท ไทย ออโต ทูลส์ แอนด์ ดาย จำกัด (มหาชน),Consumer Cyclical,7.559,5.0,46.738
2S,บริษัท 2 เอส เมทัล จำกัด (มหาชน),Basic Materials,7.539,9.629629,0.5
HFT,บริษัท ฮั้วฟง รับเบอร์ (ไทยแลนด์) จำกัด (มหาชน),Consumer Cyclical,7.534000000000001,10.195122,
TASCO,บริษัท ทิปโก้แอสฟัลท์ จำกัด (มหาชน),Basic Materials,7.521,13.431373,26.574
WHAUP,บริษัท ดับบลิวเอชเอ ยูทิลิตี้ส์ แอนด์ พาวเวอร์ จำกัด (มหาชน),Utilities,7.513,17.428572,125.029
PREB,บริษัท พรีบิลท์ จำกัด (มหาชน),Industrials,7.457999999999999,15.538462,45.221
SPALI,บริษัท ศุภาลัย จำกัด (มหาชน),Real Estate,7.455,8.421053,69.339
MSC,บริษัท เมโทรซิสเต็มส์คอร์ปอเรชั่น จำกัด (มหาชน),Technology,7.4399999999999995,15.851064,29.638
THIP,บริษัท ทานตะวันอุตสาหกรรม จำกัด (มหาชน),Consumer Cyclical,7.4200004,8.279571,24.019
MBAX,บริษัท มัลติแบกซ์ จำกัด (มหาชน),Consumer Cyclical,7.388999999999999,45.750004,130.386
MALEE,บริษัท มาลีกรุ๊ป จำกัด (มหาชน),Consumer Defensive,7.3709995,12.777777,54.692
GROREIT,ทรัสต์เพื่อการลงทุนในอสังหาริมทรัพย์ แกรนด์ รอยัล ออคิด โฮสพีทาลิตี้ ที่มีข้อตกลงในการซื้อคืน,Real Estate,7.3389999999999995,9.814815,37.698
IMPACT,ทรัสต์เพื่อการลงทุนในอสังหาริมทรัพย์อิมแพ็คโกรท,Real Estate,7.310999999999999,15.135135,23.062
SAFE,บริษัท เซฟ เฟอร์ทิลิตี้ กรุ๊ป จำกัด (มหาชน),Healthcare,7.282,15.853659,3.54
NAM,บริษัท นำวิวัฒน์ เมดิคอล คอร์ปอเรชั่น จำกัด (มหาชน),Healthcare,7.26,20.666666,24.533
TLI,บริษัท ไทยประกันชีวิต จำกัด (มหาชน),Financial Services,7.245,12.790697,
SUC,บริษัท สหยูเนี่ยน จำกัด (มหาชน),Industrials,7.237,4.8576217,1.765
ALLY,ทรัสต์เพื่อการลงทุนในอสังหาริมทรัพย์และสิทธิการเช่าอสังหาริมทรัพย์ อัลไล,Real Estate,7.1490005,6.8750005,50.766
TIPCO,บริษัท ทิปโก้ฟูดส์ จำกัด (มหาชน),Consumer Defensive,7.12,13.181818,34.402
PTT,บริษัท ปตท. จำกัด (มหาชน),Energy,7.115,14.437984,59.656
MDX,บริษัท เอ็ม ดี เอ็กซ์ จำกัด (มหาชน),Real Estate,7.1080000000000005,3.1851852,4.093
MENA,บริษัท มีนาทรานสปอร์ต จำกัด (มหาชน),Industrials,7.098,8.444444,27.384
LHFG,บริษัท แอล เอช ไฟแนนซ์เชียล กรุ๊ป จำกัด (มหาชน),Financial Services,7.093999500000001,7.214286,
BTNC,บริษัท บูติคนิวซิตี้ จำกัด (มหาชน),Consumer Cyclical,7.085,,2.275
STX,บริษัท สโตนวัน จำกัด (มหาชน),Basic Materials,7.045,5.5,3.75
SSP,บริษัท เสริมสร้าง พาวเวอร์ คอร์ปอเรชั่น จำกัด (มหาชน),Utilities,7.026000000000001,6.5490193,219.856
PLT,บริษัท พีลาทัส มารีน จำกัด (มหาชน),Energy,7.022,8.0,67.762
SINO,บริษัท ไซโน โลจิสติกส์ คอร์ปอเรชั่น จำกัด (มหาชน),Industrials,7.0199996,15.166667,19.632
KCAR,บริษัท กรุงไทยคาร์เร้นท์ แอนด์ ลีส จำกัด (มหาชน),Industrials,7.018000000000001,7.352941,107.966
AIMIRT,ทรัสต์เพื่อการลงทุนในอสังหาริมทรัพย์และสิทธิการเช่าอสังหาริมทรัพย์ เอไอเอ็ม อินดัสเทรียล โกรท,Real Estate,6.9970004,13.255814,53.566
AWC,บริษัท แอสเสท เวิรด์ คอร์ป จำกัด (มหาชน),Consumer Cyclical,6.959,11.799999,96.434
CCP,บริษัท ผลิตภัณฑ์คอนกรีตชลบุรี จำกัด (มหาชน),Basic Materials,6.854,6.7500005,33.367
COCOCO,บริษัท ไทย โคโคนัท จำกัด (มหาชน),Consumer Defensive,6.844,28.75,96.118
KWM,บริษัท เค. ดับบลิว. เม็ททัล เวิร์ค จำกัด (มหาชน),Industrials,6.84,11.5,11.644
SRIPANWA,ทรัสต์เพื่อการลงทุนในอสังหาริมทรัพย์โรงแรมศรีพันวา,Real Estate,6.822,6.4285717,20.198
AH,บริษัท อาปิโก ไฮเทค จำกัด (มหาชน),Consumer Cyclical,6.807,6.5470853,53.492
KYE,บริษัท กันยงอีเลคทริก จำกัด (มหาชน),Consumer Cyclical,6.7210004,8.682634,0.21
TOPP,บริษัท ไทย โอ.พี.พี. จำกัด (มหาชน),Consumer Cyclical,6.701,7.2371893,6.933
SPRC,บริษัท สตาร์ ปิโตรเลียม รีไฟน์นิ่ง จำกัด (มหาชน),Energy,6.673,0.41734862,14.714
SSSC,บริษัท ศูนย์บริการเหล็กสยาม จำกัด (มหาชน),Basic Materials,6.614999500000001,6.7272725,0.363
AHC,บริษัท โรงพยาบาลเอกชล จำกัด (มหาชน),Healthcare,6.593,14.516129,0.509
SVT,บริษัท ซันเวนดิ้ง เทคโนโลยี จำกัด (มหาชน),Industrials,6.579,10.0,0.69
FTI,บริษัท ฟังก์ชั่น อินเตอร์เนชั่นแนล จำกัด (มหาชน),Industrials,6.532,14.909091,10.628
BGRIM,บริษัท บี.กริม เพาเวอร์ จำกัด (มหาชน),Utilities,6.436999999999999,48.275864,244.821
SC,บริษัท เอสซี แอสเสท คอร์ปอเรชั่น จำกัด (มหาชน),Real Estate,6.3990004,5.6666665,130.433
DTCENT,บริษัท ดี.ที.ซี. เอ็นเตอร์ไพรส์ จำกัด (มหาชน),Technology,6.3829996,11.875,4.321
SMIT,บริษัท สหมิตรเครื่องกล จำกัด (มหาชน),Basic Materials,6.3779995000000005,11.612903,
MCA,บริษัท มาร์เก็ต คอนเน็กชั่นส์ เอเชีย จำกัด (มหาชน),Communication Services,6.371,12.333333,
TPIPP,บริษัท ทีพีไอ โพลีน เพาเวอร์ จำกัด (มหาชน),Utilities,6.369,5.6176467,81.379
KCE,บริษัท เคซีอี อีเลคโทรนิคส์ จำกัด (มหาชน),Technology,6.358,27.428574,11.14
FE,บริษัท ฟาร์อีสท์ เฟมไลน์ ดีดีบี จำกัด (มหาชน),Communication Services,6.334,16.666666,0.464
ONEE,บริษัท เดอะ วัน เอ็นเตอร์ไพรส์ จำกัด (มหาชน),Communication Services,6.3229999999999995,15.157895,2.571
SSTRT,ทรัสต์เพื่อการลงทุนในอสังหาริมทรัพย์ทรัพย์ศรีไทย,Real Estate,6.322,8.274509,5.914
ILINK,บริษัท อินเตอร์ลิ้งค์ คอมมิวนิเคชั่น จำกัด (มหาชน),Technology,6.263000000000001,6.9428573,53.707
TPBI,บริษัท ทีพีบีไอ จำกัด (มหาชน),Consumer Cyclical,6.2340003,5.5,12.846
GYT,บริษัท กู๊ดเยียร์(ประเทศไทย) จำกัด (มหาชน),Consumer Cyclical,6.2219999999999995,6.4166155,65.672
PRAPAT,บริษัท พีรพัฒน์ เทคโนโลยี จำกัด (มหาชน),Basic Materials,6.192,10.0,93.509
TH,บริษัท ตงฮั้ว โฮลดิ้ง จำกัด (มหาชน),Financial Services,6.172,4.7,0.275
GPSC,บริษัท โกลบอล เพาเวอร์ ซินเนอร์ยี่ จำกัด (มหาชน),Utilities,6.162,17.40088,98.943
SLP,บริษัท สาลี่ พริ้นท์ติ้ง จำกัด (มหาชน),Industrials,6.105,9.000001,6.159
HPT,บริษัท โฮม พอตเทอรี่ จำกัด (มหาชน),Consumer Cyclical,6.103,11.333334,14.75
RATCH,บริษัท ราช กรุ๊ป จำกัด (มหาชน),Utilities,6.043,10.892858,106.147
PCE,บริษัท เพชรศรีวิชัย เอ็นเตอร์ไพรส์ จำกัด (มหาชน),Consumer Defensive,6.005,12.666666,2.25
BKGI,บริษัท แบงคอกจีโนมิกส์อินโนเวชั่น จำกัด (มหาชน),Healthcare,6.003,29.2,4.284
NPK,บริษัท นิวพลัสนิตติ้ง จำกัด (มหาชน),Consumer Cyclical,5.892000299999999,6.390041,5.78
PRG,บริษัท พี อาร์ จี คอร์ปอเรชั่น จำกัด (มหาชน),Consumer Defensive,5.8769997,11.518988,1.833
JUBILE,บริษัท ยูบิลลี่ เอ็นเตอร์ไพรส์ จำกัด (มหาชน),Consumer Cyclical,5.8730002,13.157895,13.608
HARN,บริษัท หาญ เอ็นจิเนียริ่ง โซลูชั่นส์ จำกัด (มหาชน),Industrials,5.8379997,15.384616,7.522
BOFFICE,ทรัสต์เพื่อการลงทุนในสิทธิการเช่าอสังหาริมทรัพย์ภิรัชออฟฟิศ,Real Estate,5.83,9.642858,30.971
WHART,ทรัสต์เพื่อการลงทุนในอสังหาริมทรัพย์และสิทธิการเช่าดับบลิวเอชเอ พรีเมี่ยม โกรท,Real Estate,5.8280002,16.17647,43.677
TMI,บริษัท ธีระมงคล อุตสาหกรรม จำกัด (มหาชน),Industrials,5.817,18.000002,135.541
QH,บริษัท ควอลิตี้เฮ้าส์ จำกัด (มหาชน),Real Estate,5.804,9.1875,29.902
SPG,บริษัท สยามภัณฑ์กรุ๊ป จำกัด (มหาชน),Basic Materials,5.618,13.448276,1.023
IP,บริษัท อินเตอร์ ฟาร์มา จำกัด (มหาชน),Healthcare,5.574,22.999998,18.331
SPI,บริษัท สหพัฒนาอินเตอร์โฮลดิ้ง จำกัด (มหาชน),Real Estate,5.5430003,13.03681,37.076
SPRIME,ทรัสต์เพื่อการลงทุนในสิทธิการเช่าอสังหาริมทรัพย์ เอส ไพรม์ โกรท,Real Estate,5.4920003,6.315789,28.786
CPNREIT,ทรัสต์เพื่อการลงทุนในสิทธิการเช่าอสังหาริมทรัพย์ CPN รีเทล โกรท,Real Estate,5.487,18.59375,115.041
TRP,บริษัท เอสเตติก คอนเนค จำกัด (มหาชน),Healthcare,5.4619998,16.692308,0.264
SYMC,บริษัท ซิมโฟนี่ คอมมูนิเคชั่น จำกัด (มหาชน),Communication Services,5.445,10.473684,31.477
ZEN,บริษัท เซ็น คอร์ปอเรชั่น กรุ๊ป จำกัด (มหาชน),Consumer Cyclical,5.426,32.22222,70.759
PAF,บริษัท แพนเอเซียฟุตแวร์ จำกัด (มหาชน),Consumer Cyclical,5.4239999999999995,13.6,31.146
ASAP,บริษัท ซินเนอร์เจติค ออโต้ เพอร์ฟอร์มานซ์ จำกัด (มหาชน),Industrials,5.402,16.857141,593.719
CEYE,บริษัท ตาชำนิ จำกัด (มหาชน),Consumer Cyclical,5.382,13.333334,6.312
SIMAT,บริษัท ไซแมท เทคโนโลยี จำกัด (มหาชน),Technology,5.380999999999999,11.2,34.607
WHAIR,ทรัสต์เพื่อการลงทุนในสิทธิการเช่าอสังหาริมทรัพย์ดับบลิวเอชเอ อินดัสเตรียล,Real Estate,5.375,17.820513,52.244
SJWD,บริษัท เอสซีจี เจดับเบิ้ลยูดี โลจิสติกส์ จำกัด (มหาชน),Industrials,5.2849997,13.23077,65.056
DREIT,ทรัสต์เพื่อการลงทุนในอสังหาริมทรัพย์และสิทธิการเช่าดุสิตธานี,Real Estate,5.2449997999999995,16.290323,36.613
CSR,บริษัท เทพธานีกรีฑา จำกัด (มหาชน),Consumer Cyclical,5.2389998,21.314104,
ALPHAX,บริษัท อัลฟ่า ดิวิชั่นส์ จำกัด (มหาชน),Real Estate,5.209,15.666667,6.645
PLAT,บริษัท เดอะ แพลทินัม กรุ๊ป จำกัด (มหาชน),Real Estate,5.199,6.705882,52.464
IFS,บริษัท ไอเอฟเอส แคปปิตอล (ประเทศไทย) จำกัด (มหาชน),Financial Services,5.192,9.545454,120.169
ACE,บริษัท แอ๊บโซลูท คลีน เอ็นเนอร์จี้ จำกัด (มหาชน),Utilities,5.1880002,16.0,53.0
UMI,บริษัท สหโมเสคอุตสาหกรรม จำกัด (มหาชน),Industrials,5.185,7.5,31.634
BCT,บริษัท เบอร์ล่า คาร์บอน (ไทยแลนด์) จำกัด (มหาชน),Basic Materials,5.154,8.767361,
KTBSTMR,ทรัสต์เพื่อการลงทุนในอสังหาริมทรัพย์และสิทธิการเช่าอสังหาริมทรัพย์ เคทีบีเอสที มิกซ์,Real Estate,5.094,10.673078,40.336
CSC,บริษัท ฝาจีบ จำกัด (มหาชน),Consumer Cyclical,5.094,11.172839,2.769
LALIN,บริษัท ลลิล พร็อพเพอร์ตี้ จำกัด (มหาชน),Real Estate,5.0630003,9.23077,67.103
VPO,บริษัท วิจิตรภัณฑ์ปาล์มออยล์ จำกัด (มหาชน),Consumer Defensive,5.0569999999999995,14.666667,28.652
ASP,บริษัท เอเซีย พลัส กรุ๊ป โฮลดิ้งส์ จำกัด (มหาชน),Financial Services,5.045999999999999,18.5,137.95
SUSCO,บริษัท ซัสโก้ จำกัด (มหาชน),Energy,5.0279997,9.826087,92.254
PICO,บริษัท ปิโก (ไทยแลนด์) จำกัด (มหาชน),Communication Services,5.0279997,46.888885,1.706
BAM,บริษัทบริหารสินทรัพย์ กรุงเทพพาณิชย์ จำกัด (มหาชน),Financial Services,5.009,10.797101,196.145
SCGP,บริษัท เอสซีจี แพคเกจจิ้ง จำกัด (มหาชน),Consumer Cyclical,4.987,20.63158,69.804
IRC,บริษัท อีโนเว รับเบอร์ (ประเทศไทย) จำกัด (มหาชน),Consumer Cyclical,4.971,11.979167,0.005
JR,บริษัท เจ.อาร์.ดับเบิ้ลยู. ยูทิลิตี้ จำกัด (มหาชน),Industrials,4.95,16.0,18.529
ALT,บริษัท เอแอลที เทเลคอม จำกัด (มหาชน),Technology,4.934,12.0,58.645
AMATAV,บริษัท อมตะ วีเอ็น จำกัด (มหาชน),Real Estate,4.920999999999999,9.73913,81.429
BIG,บริษัท บิ๊ก คาเมร่า คอร์ปอเรชั่น จำกัด (มหาชน),Consumer Cyclical,4.902,14.5,31.504
ARIP,บริษัท เออาร์ไอพี จำกัด (มหาชน),Industrials,4.901,23.5,1.235
TRT,บริษัท ถิรไทย จำกัด (มหาชน),Industrials,4.881,19.142859,71.073
MOONG,บริษัท มุ่งพัฒนา อินเตอร์แนชชั่นแนล จำกัด (มหาชน),Consumer Defensive,4.8720002,14.933332,2.345
EGCO,บริษัท ผลิตไฟฟ้า จำกัด (มหาชน),Utilities,4.855,12.698413,108.537
CTW,บริษัท จรุงไทยไวร์แอนด์เคเบิ้ล จำกัด (มหาชน),Industrials,4.855,6.122449,25.649
SGC,บริษัท เอสจี แคปปิตอล จำกัด (มหาชน),Financial Services,4.8309997000000005,15.833333,84.873
ASK,บริษัท เอเซียเสริมกิจลีสซิ่ง จำกัด (มหาชน),Financial Services,4.7930002,11.084337,402.978
STARM,บริษัท สตาร์ มันนี่ จำกัด (มหาชน),Financial Services,4.768,16.833334,123.042
WHABT,ทรัสต์เพื่อการลงทุนในอสังหาริมทรัพย์และสิทธิการเช่าดับบลิวเอชเอ บิสซิเนส คอมเพล็กซ์,Real Estate,4.697,10.0,22.055
GFC,บริษัท เจเนซีส เฟอร์ทิลีตี เซ็นเตอร์ จำกัด (มหาชน),Healthcare,4.6350002,29.8,5.103
MTI,บริษัท เมืองไทยประกันภัย จำกัด (มหาชน),Financial Services,4.6269998,27.54386,1.373
SCGD,บริษัท เอสซีจี เดคคอร์ จำกัด (มหาชน),Basic Materials,4.622,9.553571,64.103
DOHOME,บริษัท ดูโฮม จำกัด (มหาชน),Consumer Cyclical,4.583,20.777777,128.339
TERA,บริษัท เทอร์ราไบท์ พลัส จำกัด (มหาชน),Technology,4.5819998,10.299999,7.758
MODERN,บริษัท โมเดอร์นฟอร์มกรุ๊ป จำกัด (มหาชน),Consumer Cyclical,4.5739997,16.0,13.564
MITSIB,บริษัท มิตรสิบ ลิสซิ่ง จำกัด (มหาชน),Consumer Cyclical,4.5339998,14.0,69.185
FVC,บริษัท ฟิลเตอร์ วิชั่น จำกัด (มหาชน),Industrials,4.531000000000001,8.4,9.446
ACG,บริษัท ออโตคอร์ป โฮลดิ้ง จำกัด (มหาชน),Consumer Cyclical,4.5100003,12.999999,45.802
SENA,บริษัท เสนาดีเวลลอปเม้นท์ จำกัด (มหาชน),Real Estate,4.3870002,6.9259257,132.251
CIMBT,ธนาคาร ซีไอเอ็มบี ไทย จำกัด (มหาชน),Financial Services,4.3860003,5.285714,
PAP,บริษัท แปซิฟิกไพพ์ จำกัด (มหาชน),Basic Materials,4.354,15.153847,83.837
MST,บริษัทหลักทรัพย์ เมย์แบงก์ (ประเทศไทย) จำกัด (มหาชน),Financial Services,4.346,17.692308,119.832
STPI,บริษัท เอสทีพี แอนด์ ไอ จำกัด (มหาชน),Industrials,4.3309998,27.75,40.794
GAHREIT,ทรัสต์เพื่อการลงทุนในอสังหาริมทรัพย์ แกรนด์ โฮสพีทาลิตี้,Real Estate,4.236,,
CHAO,บริษัท เจ้าสัว ฟู้ดส์ อินดัสทรี จำกัด (มหาชน),Consumer Defensive,4.2290002,32.42857,13.684
A5,บริษัท แอสเซท ไฟว์ กรุ๊ป จำกัด (มหาชน),Real Estate,4.1869998,30.500002,105.653
OKJ,บริษัท ปลูกผักเพราะรักแม่ จำกัด (มหาชน),Consumer Defensive,4.0799997999999995,32.5,22.391
STI,บริษัท สโตนเฮ้นจ์ อินเตอร์ จำกัด (มหาชน),Industrials,4.077,24.571428,34.66
TPIPL,บริษัท ทีพีไอ โพลีน จำกัด (มหาชน),Basic Materials,4.064,7.090909,123.917
SPACK,บริษัท เอส. แพ็ค แอนด์ พริ้นท์ จำกัด (มหาชน),Consumer Cyclical,4.0510003,13.333333,44.388
SENX,บริษัท เซ็น เอกซ์ จำกัด (มหาชน),Real Estate,3.9899999999999998,7.666667,39.438
FPT,บริษัท เฟรเซอร์ส พร็อพเพอร์ตี้ (ประเทศไทย) จำกัด (มหาชน),Real Estate,3.9739999999999998,10.1587305,135.988
EAST,บริษัท ตะวันออกพาณิชย์ลีสซิ่ง จำกัด (มหาชน),Financial Services,3.971,10.285715,99.434
VL,บริษัท วี.แอล.เอ็นเตอร์ไพรส์ จำกัด (มหาชน),Industrials,3.945,27.0,31.52
TNL,บริษัท ธนูลักษณ์ จำกัด (มหาชน),Financial Services,3.9149999999999996,17.703703,41.548
WINDOW,บริษัท วินโดว์ เอเชีย จำกัด (มหาชน),Basic Materials,3.903,19.25,2.639
TSTE,บริษัท ทีเอสทีอี จำกัด (มหาชน),Consumer Defensive,3.8900003,27.297298,38.204
BJC,บริษัท เบอร์ลี่ ยุคเกอร์ จำกัด (มหาชน),Industrials,3.887,15.7,126.383
CPH,บริษัท คาสเซ่อร์พีคโฮลดิ้งส์ จำกัด (มหาชน),Consumer Cyclical,3.8829996999999996,8.623853,29.482
WARRIX,บริษัท วอริกซ์ สปอร์ต จำกัด (มหาชน),Consumer Cyclical,3.8429998,23.875,10.955
CPTREIT,ทรัสต์เพื่อการลงทุนในสิทธิการเช่าอสังหาริมทรัพย์ ซี.พี.ทาวเวอร์,Real Estate,3.818,,
TPP,บริษัท ไทยบรรจุภัณฑ์และการพิมพ์ จำกัด (มหาชน),Consumer Cyclical,3.8089999999999997,12.291667,0.815
TMILL,บริษัท ที เอส ฟลาวมิลล์ จำกัด (มหาชน),Consumer Defensive,3.773,20.599998,39.041
BGC,บริษัท บีจี คอนเทนเนอร์ กล๊าส จำกัด (มหาชน),Consumer Cyclical,3.7510000000000003,14.827587,182.183
SA,บริษัท ไซมิส แอสเสท จำกัด (มหาชน),Real Estate,3.6769999999999996,51.42857,225.314
THRE,บริษัท ไทยรับประกันภัยต่อ จำกัด (มหาชน),Financial Services,3.675,12.666667,0.389
SITHAI,บริษัท ศรีไทยซุปเปอร์แวร์ จำกัด (มหาชน),Consumer Cyclical,3.6639999999999997,14.714285,23.343
JMT,บริษัท เจ เอ็ม ที เน็ทเวอร์ค เซอร์วิสเซ็ส จำกัด (มหาชน),Financial Services,3.66,14.507043,33.013
F&D,บริษัท ฟู้ดแอนด์ดริ๊งส์ จำกัด (มหาชน),,3.63,,2.77
WINMED,บริษัท วินเนอร์ยี่ เมดิคอล จำกัด (มหาชน),Healthcare,3.621,16.666668,62.03
VRANDA,บริษัท วีรันดา รีสอร์ท จำกัด (มหาชน),Real Estate,3.566,21.142859,167.485
NFC,บริษัท เอ็นเอฟซี จำกัด (มหาชน),Basic Materials,3.5220000000000002,24.6,331.835
WICE,บริษัท ไวส์ โลจิสติกส์ จำกัด (มหาชน),Industrials,3.517,22.333334,15.631
WIIK,บริษัท วิค จำกัด (มหาชน),Industrials,3.4760001999999997,10.222222,25.08
THMUI,บริษัท ไทยมุ้ย คอร์ปอเรชั่น จำกัด (มหาชน),Industrials,3.4070000000000005,,54.484
BEC,บริษัท บีอีซี เวิลด์ จำกัด (มหาชน),Communication Services,3.4059998,20.999998,18.713
TPLAS,บริษัท ไทยอุตสาหกรรมพลาสติก (1994) จำกัด (มหาชน),Consumer Cyclical,3.392,22.5,0.972
RABBIT,บริษัท แรบบิท โฮลดิ้งส์ จำกัด (มหาชน),Industrials,3.351,2.2857141,51.279
SUTHA,บริษัท สุธากัญจน์ จำกัด (มหาชน),Basic Materials,3.319,26.666666,94.392
DOD,บริษัท ดีโอดี ไบโอเทค จำกัด (มหาชน),Consumer Defensive,3.282,24.125,4.8
TM,บริษัท เทคโนเมดิคัล จำกัด (มหาชน),Healthcare,3.2620000000000005,15.166667,75.294
SHANG,บริษัท แชงกรี-ลา โฮเต็ล จำกัด (มหาชน),Consumer Cyclical,3.2230000000000003,28.108109,
CFRESH,บริษัท ซีเฟรชอินดัสตรี จำกัด (มหาชน),Consumer Defensive,3.209,,73.299
TPRIME,ทรัสต์เพื่อการลงทุนในอสังหาริมทรัพย์และสิทธิการเช่าไทยแลนด์ ไพร์ม พร็อพเพอร์ตี้,Real Estate,3.1229999,19.864864,35.755
CPAXT,บริษัท ซีพี แอ็กซ์ตร้า จำกัด (มหาชน),Consumer Defensive,3.1140001,19.111113,57.284
TMT,บริษัท ทีเอ็มที สตีล จำกัด (มหาชน),Basic Materials,3.098,35.75,138.441
KIAT,บริษัท เกียรติธนา ขนส่ง จำกัด (มหาชน),Industrials,3.083,35.0,8.161
TWPC,บริษัท ไทยวา จำกัด (มหาชน),Consumer Defensive,3.08,15.444444,23.122
BPP,บริษัท บ้านปู เพาเวอร์ จำกัด (มหาชน),Utilities,3.075,18.4375,67.09
SHR,บริษัท เอส โฮเทล แอนด์ รีสอร์ท จำกัด (มหาชน),Consumer Cyclical,3.0669998,14.461539,106.809
WIN,บริษัท สวนอุตสาหกรรม วินโคสท์ จำกัด (มหาชน),Real Estate,3.0480001,14.5,21.74
ROJNA,บริษัท สวนอุตสาหกรรมโรจนะ จำกัด (มหาชน),Utilities,3.039,17.1875,75.913
MICRO,บริษัท ไมโครลิสซิ่ง จำกัด (มหาชน),Financial Services,3.011,,60.98
BBGI,บริษัท บีบีจีไอ จำกัด (มหาชน),Utilities,2.997,17.0,26.707
BR,บริษัท บางกอกแร้นช์ จำกัด (มหาชน),Consumer Defensive,2.9360002,12.923077,82.527
KUN,บริษัท วิลล่า คุณาลัย จำกัด (มหาชน),Real Estate,2.918,23.333334,216.559
NVD,บริษัท เนอวานา ดีเวลลอปเม้นท์ จำกัด (มหาชน),Real Estate,2.91,13.666667,148.376
TKC,บริษัท เทิร์นคีย์ คอมมูนิเคชั่น เซอร์วิส จำกัด (มหาชน),Industrials,2.9010000000000002,27.833334,39.889
BCPG,บริษัท บีซีพีจี จำกัด (มหาชน),Utilities,2.8770002,26.896553,95.369
BCP,บริษัท บางจาก คอร์ปอเรชั่น จำกัด (มหาชน),Energy,2.866,17.788462,159.067
AF,บริษัท ไอร่า แฟคตอริ่ง จำกัด (มหาชน),Financial Services,2.831,36.000004,395.449
SAMTEL,บริษัท สามารถเทลคอม จำกัด (มหาชน),Communication Services,2.7660001,21.888887,18.982
CNT,บริษัท คริสเตียนีและนีลเส็น (ไทย) จำกัด (มหาชน),Industrials,2.7560001,15.714286,65.206
TPCS,บริษัท ทีพีซีเอส จำกัด (มหาชน),Consumer Cyclical,2.6970001,15.538463,
ICC,บริษัท ไอ.ซี.ซี. อินเตอร์เนชั่นแนล จำกัด (มหาชน),Consumer Cyclical,2.681,15.408805,2.237
GLAND,บริษัท แกรนด์ คาแนล แลนด์ จำกัด (มหาชน),Real Estate,2.6800001,9.25,33.999
PSL,บริษัท พรีเชียส ชิพปิ้ง จำกัด (มหาชน),Industrials,2.5989999999999998,30.370369,67.728
SCC,บริษัท ปูนซิเมนต์ไทย จำกัด (มหาชน),Industrials,2.5860000000000003,15.2990265,83.838
CPR,บริษัท ซีพีอาร์ โกมุ อินดัสเตรียล จำกัด (มหาชน),Consumer Cyclical,2.565,36.000004,0.048
TAN,บริษัท ธนจิรา รีเทล คอร์ปอเรชั่น จำกัด (มหาชน),Consumer Cyclical,2.555,17.636364,53.507
VIBHA,บริษัท โรงพยาบาลวิภาวดี จำกัด (มหาชน),Healthcare,2.546,46.666668,75.771
INSET,บริษัท อินฟราเซท จำกัด (มหาชน),Technology,2.5109999000000003,68.0,4.863
CFARM,บริษัท ชูวิทย์ฟาร์ม (2019) จำกัด (มหาชน),Consumer Defensive,2.489,24.666668,21.103
UBIS,บริษัท ยูบิส (เอเชีย) จำกัด (มหาชน),Basic Materials,2.471,19.166666,62.118
TCC,บริษัท ไทย แคปปิตอล คอร์ปอเรชั่น จำกัด (มหาชน),Energy,2.4149998999999998,14.0,21.391
CM,บริษัท เชียงใหม่โฟรเซ่นฟูดส์ จำกัด (มหาชน),Consumer Defensive,2.406,18.444443,0.111
RAM,บริษัท โรงพยาบาลรามคำแหง จำกัด (มหาชน),Healthcare,2.286,34.181816,49.796
YONG,บริษัท ยงคอนกรีต จำกัด (มหาชน),Basic Materials,2.276,25.333334,25.557
AI,บริษัท เอเชียน อินซูเลเตอร์ จำกัด (มหาชน),Industrials,2.2739999,10.551724,0.105
KOOL,บริษัท ซีแอล เวนเจอร์ จำกัด (มหาชน),Consumer Cyclical,2.247,15.000001,21.138
ITEL,บริษัท อินเตอร์ลิ้งค์ เทเลคอม จำกัด (มหาชน),Communication Services,2.242,16.625,74.391
SALEE,บริษัท สาลี่อุตสาหกรรม จำกัด (มหาชน),Basic Materials,2.2249999,38.0,0.81
RSP,บริษัท ริช สปอร์ต จำกัด (มหาชน),Consumer Cyclical,2.1979999,27.750002,29.82
NEP,บริษัท เอ็นอีพี อสังหาริมทรัพย์ และอุตสาหกรรม จำกัด (มหาชน),Consumer Cyclical,2.1919999999999997,inf,0.189
ZIGA,บริษัท ซิก้า อินโนเวชั่น จำกัด (มหาชน),Basic Materials,2.138,23.0,19.21
SPCG,บริษัท เอสพีซีจี จำกัด (มหาชน),Utilities,2.098,25.416664,0.304
BLAND,บริษัท บางกอกแลนด์ จำกัด (มหาชน),Real Estate,2.0569998999999997,15.333334,6.794
COLOR,บริษัท สาลี่ คัลเล่อร์ จำกัด (มหาชน),Basic Materials,2.049,25.5,47.799
PL,บริษัท ภัทรลิสซิ่ง จำกัด (มหาชน),Industrials,2.027,,275.427
CH,บริษัท เจริญอุตสาหกรรม จำกัด (มหาชน),Consumer Defensive,1.989,56.666668,30.031
LIT,บริษัท ลีซ อิท จำกัด (มหาชน),Financial Services,1.9800000000000002,36.5,83.469
UREKA,บริษัท ยูเรกา ดีไซน์ จำกัด (มหาชน),Industrials,1.963,32.0,18.612
BE8,บริษัท เบริล 8 พลัส จำกัด (มหาชน),Technology,1.96,18.870968,9.11
INSURE,บริษัท อินทรประกันภัย จำกัด (มหาชน),Financial Services,1.923,30.582525,3.662
BAFS,บริษัท บริการเชื้อเพลิงการบินกรุงเทพ จำกัด (มหาชน),Industrials,1.9120000000000001,42.272728,203.75
QTC,บริษัท คิวทีซี เอนเนอร์ยี่ จำกัด (มหาชน),Industrials,1.76,16.454546,27.589
GBX,บริษัท โกลเบล็ก โฮลดิ้ง แมนเนจเม้นท์ จำกัด (มหาชน),Financial Services,1.745,,81.659
TK,บริษัท ฐิติกร จำกัด (มหาชน),Financial Services,1.7180001,18.78261,2.027
TWP,บริษัท ไทยไวร์โพรดัคท์ จำกัด (มหาชน),Basic Materials,1.6920000000000002,14.375,17.91
ORI,บริษัท ออริจิ้น พร็อพเพอร์ตี้ จำกัด (มหาชน),Real Estate,1.6760000000000002,14.428572,157.929
GRAMMY,บริษัท จีเอ็มเอ็ม แกรมมี่ จำกัด (มหาชน),Communication Services,1.6490001,,33.908
BPS,บริษัท บีพีเอส เทคโนโลยี จำกัด (มหาชน),Technology,1.638,20.5,9.056
CSS,บริษัท คอมมิวนิเคชั่น แอนด์ ซิสเต็มส์ โซลูชั่น จำกัด (มหาชน),Technology,1.6280001,38.5,4.118
I2,บริษัท ไอ ทู เอ็นเตอร์ไพรซ์ จำกัด (มหาชน),Technology,1.585,25.0,128.392
NC,บริษัท นิวซิตี้ (กรุงเทพฯ) จำกัด (มหาชน),Consumer Cyclical,1.5810000000000002,39.4,37.861
GVREIT,ทรัสต์เพื่อการลงทุนในสิทธิการเช่าอสังหาริมทรัพย์โกลเด้นเวนเจอร์,Real Estate,1.568,41.25,32.371
PRIN,บริษัท ปริญสิริ จำกัด (มหาชน),Real Estate,1.5579999,20.0,108.411
XPG,บริษัท เอ็กซ์สปริง แคปปิตอล จำกัด (มหาชน),Financial Services,1.52,24.500002,0.937
DDD,บริษัท ดู เดย์ ดรีม จำกัด (มหาชน),Consumer Defensive,1.492,28.181818,1.097
UAC,บริษัท ยูเอซี โกลบอล จำกัด (มหาชน),Basic Materials,1.4830001000000002,12.0,31.59
THG,บริษัท ธนบุรี เฮลท์แคร์ กรุ๊ป จำกัด (มหาชน),Healthcare,1.277,113.12501,26.002
SINGER,บริษัท ซิงเกอร์ประเทศไทย จำกัด (มหาชน),Financial Services,1.2259999000000001,44.23077,8.525
ESTAR,บริษัท อีสเทอร์น สตาร์ เรียล เอสเตท จำกัด (มหาชน),Real Estate,1.166,22.0,47.175
TKT,บริษัท ที.กรุงไทยอุตสาหกรรม จำกัด (มหาชน),Consumer Cyclical,1.14400005,33.000004,42.612
AFC,บริษัท เอเซียไฟเบอร์ จำกัด (มหาชน),Consumer Cyclical,1.1419999,11.172414,0.778
TYCN,บริษัทไทยคูน เวิลด์ไวด์ กรุ๊ป (ประเทศไทย) จำกัด (มหาชน),Basic Materials,1.084,19.555555,29.003
S,บริษัท สิงห์ เอสเตท จำกัด (มหาชน),Consumer Cyclical,1.0190001,58.0,173.647
AIE,บริษัท เอไอ เอนเนอร์จี จำกัด (มหาชน),Consumer Defensive,1.002,8.916667,0.031
SMD100,บริษัท เอสเอ็มดี ไรส์ จำกัด (มหาชน),Healthcare,0.88,46.75,34.264
BLESS,บริษัท เบล็ส แอสเสท กรุ๊ป จำกัด (มหาชน),Real Estate,0.876,23.0,73.473
ROH,บริษัท โรงแรมรอยัล ออคิด (ประเทศไทย) จำกัด (มหาชน),Consumer Cyclical,0.8420000000000001,40.333336,160.547
PTC,บริษัท พรีเมียร์ แทงค์ คอร์ปอเรชั่น จำกัด (มหาชน),Energy,0.823,31.0,0.133
NOVA,บริษัท โนวา เอมไพร์ จำกัด (มหาชน),Technology,0.8169999000000001,135.00002,222.808
XYZ,บริษัท อาร์เอสเอ็กซ์วายแซด จำกัด (มหาชน),Basic Materials,0.754,,68.761
STC,บริษัท เอสทีซี คอนกรีตโปรดัคท์ จำกัด (มหาชน),Basic Materials,0.70499997,inf,78.557
TTT,บริษัท โทเร เท็กซ์ไทล์ (ประเทศไทย) จำกัด (มหาชน),Consumer Cyclical,0.701,47.727272,3.465
CHOW,บริษัท เชาว์ ไบรท์ เวนเจอร์ส โฮลดิ้งส์ จำกัด (มหาชน),Basic Materials,0.6930000000000001,64.5,14.481
HENG,บริษัท เฮงลิสซิ่ง แอนด์ แคปปิตอล จำกัด (มหาชน),Financial Services,0.659,95.0,78.595
OCC,บริษัท โอ ซี ซี จำกัด (มหาชน),Consumer Defensive,0.6259999700000001,27.222221,1.094
NDR,บริษัท เอ็น.ดี.รับเบอร์ จำกัด (มหาชน),Consumer Cyclical,0.601,146.0,11.936
CHASE,บริษัท เชฎฐ์ เอเชีย จำกัด (มหาชน),Financial Services,0.506,49.000004,13.766
ANAN,บริษัท อนันดา ดีเวลลอปเม้นท์ จำกัด (มหาชน),Real Estate,0.504,,115.801
NAT,บริษัท แนท แอบโซลูท เทคโนโลยีส์ จำกัด (มหาชน),Technology,0.488,248.0,3.011
BANPU,บริษัท บ้านปู จำกัด (มหาชน),Energy,0.43,,153.247
DCON,บริษัท ดีคอนโปรดักส์ จำกัด (มหาชน),Basic Materials,0.40499999999999997,inf,33.928
TRV,บริษัท ที.อาร์.วี. รับเบอร์ โปรดักส์ จำกัด (มหาชน),Consumer Cyclical,0.402,155.0,0.936
THCOM,บริษัท ไทยคม จำกัด (มหาชน),Technology,0.39899999999999997,285.0,35.867
CHARAN,บริษัท จรัญประกันภัย จำกัด (มหาชน),Financial Services,0.39699999999999996,79.5,
TBN,บริษัท ทีบีเอ็น คอร์ปอเรชั่น จำกัด (มหาชน),Technology,0.29699998,378.0,5.001
JMART,บริษัท เจมาร์ท กรุ๊ป โฮลดิ้งส์ จำกัด (มหาชน),Consumer Cyclical,0.28300000000000003,,65.883
EASTW,บริษัท จัดการและพัฒนาทรัพยากรน้ำภาคตะวันออก จำกัด (มหาชน),Utilities,0.234,276.0,130.846
SIAM,บริษัท สยามสตีลอินเตอร์เนชั่นแนล จำกัด (มหาชน),Consumer Cyclical,0.22499999999999998,inf,7.245
PEACE,บริษัท พีซแอนด์ลีฟวิ่ง จำกัด (มหาชน),Real Estate,0.19499999999999998,inf,71.508
MORE,บริษัท มอร์ รีเทิร์น จำกัด (มหาชน),Utilities,0.166,,
ETE,บริษัท บูรพา เทคนิคอล เอ็นจิเนียริ่ง จำกัด (มหาชน),Industrials,0.16,inf,107.605
VGI,บริษัท วีจีไอ จำกัด (มหาชน),Industrials,0.153,inf,2.201
FANCY,บริษัท แฟนซีวู๊ด อินดัสตรีส จำกัด (มหาชน),Consumer Cyclical,0.11999999,inf,0.077
CWT,บริษัท ชัยวัฒนา แทนเนอรี่ กรุ๊ป จำกัด (มหาชน),Consumer Cyclical,0.077,90.0,64.635
UV,บริษัท ยูนิเวนเจอร์ จำกัด (มหาชน),Utilities,0.067000004,,115.145
ASN,บริษัท เอเอสเอ็น โบรกเกอร์ จำกัด (มหาชน),Financial Services,0.058,,71.779
ASIA,บริษัท เอเชียโฮเต็ล จำกัด (มหาชน),Consumer Cyclical,-0.055999999999999994,,45.422
PSH,บริษัท พฤกษา โฮลดิ้ง จำกัด (มหาชน),Real Estate,-0.18600001,,36.112
LPN,บริษัท แอล.พี.เอ็น.ดีเวลลอปเมนท์ จำกัด (มหาชน),Real Estate,-0.198,,87.715
STGT,บริษัท ศรีตรังโกลฟส์ (ประเทศไทย) จำกัด (มหาชน),Basic Materials,-0.28700000000000003,25.882353,12.099
TCOAT,บริษัท อุตสาหกรรมผ้าเคลือบพลาสติกไทย จำกัด (มหาชน),Consumer Cyclical,-0.336,,4.497
SCN,บริษัท สแกน อินเตอร์ จำกัด (มหาชน),Utilities,-0.34999999,,74.921
PORT,บริษัท สหไทย เทอร์มินอล จำกัด (มหาชน),Industrials,-0.378,,115.265
BRI,บริษัท บริทาเนีย จำกัด (มหาชน),Real Estate,-0.40599997,,146.338
TAE,บริษัท ไทย อะโกร เอ็นเนอร์ยี่ จำกัด (มหาชน),Basic Materials,-0.48700000000000004,,67.88
MADAME,บริษัท มาดาม ไบโอไซเอนซ์ จํากัด (มหาชน),Consumer Defensive,-0.526,,60.639
UBE,บริษัท อุบล ไบโอ เอทานอล จำกัด (มหาชน),Consumer Defensive,-0.54,,6.126
PQS,บริษัท พรีเมียร์ควอลิตี้สตาร์ช จำกัด (มหาชน),Consumer Defensive,-0.57300003,,26.419
PROS,บริษัท พรอสเพอร์ เอ็นจิเนียริ่ง จำกัด (มหาชน),Industrials,-0.654,,110.651
INOX,บริษัท โพสโค-ไทยน๊อคซ์ จำกัด (มหาชน),Basic Materials,-0.677,,0.197
WORK,บริษัท เวิร์คพอยท์ เอ็นเทอร์เทนเมนท์ จำกัด (มหาชน),Communication Services,-0.7850001000000001,,3.468
BROCK,บริษัท บ้านร็อคการ์เด้น จำกัด (มหาชน),Real Estate,-0.78799995,,3.111
IVL,บริษัท อินโดรามา เวนเจอร์ส จำกัด (มหาชน),Basic Materials,-0.826,,196.67
SAMCO,บริษัท สัมมากร จำกัด (มหาชน),Real Estate,-1.1039999,,74.765
SAF,บริษัท เอส.เอ.เอฟ. สเปเชียล สตีล จำกัด (มหาชน),Basic Materials,-1.127,,38.269
K,บริษัท คิงส์เมน ซี.เอ็ม.ที.ไอ. จำกัด (มหาชน),Industrials,-1.1849999,inf,32.817
AMC,บริษัท เอเซีย เมทัล จำกัด (มหาชน),Basic Materials,-1.291,,58.453
BEYOND,บริษัท เบาด์ แอนด์ บียอนด์ จำกัด (มหาชน),Consumer Cyclical,-1.308,,88.046
DEXON,บริษัท เด็กซ์ซอน เทคโนโลยี จำกัด (มหาชน),Energy,-1.442,,25.424
CMO,บริษัท ซีเอ็มโอ จำกัด (มหาชน),Communication Services,-1.528,,75.578
LEO,บริษัท ลีโอ โกลบอล โลจิสติกส์ จำกัด (มหาชน),Industrials,-1.5319999000000002,64.0,105.144
PG,บริษัท ประชาอาภรณ์ จำกัด (มหาชน),Consumer Cyclical,-1.533,,1.474
ETL,บริษัท ยูโรเอเชีย โทเทิล โลจิสติกส์ จำกัด (มหาชน),Industrials,-1.534,52.0,16.352
L&E,บริษัท ไลท์ติ้ง แอนด์ อีควิปเมนท์ จำกัด (มหาชน),,-1.7680000000000002,,118.756
PTL,บริษัท โพลีเพล็กซ์ (ประเทศไทย) จำกัด (มหาชน),Basic Materials,-1.789,,15.893
CMR,บริษัท เชียงใหม่รามธุรกิจการแพทย์ จำกัด (มหาชน),Healthcare,-1.8229999000000001,,79.262
BTS,บริษัท บีทีเอส กรุ๊ป โฮลดิ้งส์ จำกัด (มหาชน),Industrials,-1.854,,193.565
TPL,บริษัท ไทยพาร์เซิล จำกัด (มหาชน),Industrials,-1.864,,66.22
AIRA,บริษัท ไอร่า แคปปิตอล จำกัด (มหาชน),Financial Services,-1.9,,109.91
DEMCO,บริษัท เด็มโก้ จำกัด (มหาชน),Industrials,-1.9619999999999997,,33.428
DTCI,บริษัท ดี.ที.ซี.อินดัสตรี่ส์ จำกัด (มหาชน),Industrials,-2.027,,1.414
TRITN,บริษัท ไทรทัน โฮลดิ้ง จำกัด (มหาชน),Industrials,-2.0280001999999997,,10.839
STA,บริษัท ศรีตรังแอโกรอินดัสทรี จำกัด (มหาชน),Basic Materials,-2.069,,63.108
CGH,บริษัท คันทรี่ กรุ๊ป โฮลดิ้งส์ จำกัด (มหาชน),Financial Services,-2.0739999,,28.213
TNITY,บริษัท ทรีนีตี้ วัฒนา จำกัด (มหาชน),Financial Services,-2.088,,192.825
SAAM,บริษัท เอสเอเอเอ็ม ดีเวลลอปเมนท์ จำกัด (มหาชน),Utilities,-2.091,,9.069
RICHY,บริษัท ริชี่ เพลซ 2002 จำกัด (มหาชน),Real Estate,-2.168,,120.752
RPC,บริษัท อาร์พีซีจี จำกัด (มหาชน),Consumer Cyclical,-2.1949999,,52.955
PK,บริษัท พัฒน์กล จำกัด (มหาชน),Industrials,-2.2060001,,50.649
SGP,บริษัท สยามแก๊ส แอนด์ ปิโตรเคมีคัลส์ จำกัด (มหาชน),Energy,-2.229,,156.921
CITY,บริษัท ซิตี้ สตีล จำกัด (มหาชน),Industrials,-2.229,,0.211
AMARIN,บริษัท อมรินทร์ คอร์เปอเรชั่นส์ จำกัด (มหาชน),Communication Services,-2.35,,2.522
IVF,บริษัท อินสไปร์ ไอวีเอฟ จำกัด (มหาชน),Healthcare,-2.3510001999999997,,11.144
THANA,บริษัท ธนาสิริ กรุ๊ป จำกัด (มหาชน),Real Estate,-2.3720000000000003,,81.425
TCJ,บริษัท ที.ซี.เจ.เอเซีย จำกัด (มหาชน),Industrials,-2.3729999,,29.581
RT,บริษัท ไร้ท์ทันเน็ลลิ่ง จำกัด (มหาชน),Industrials,-2.379,,203.868
QLT,บริษัท ควอลลีเทค จำกัด (มหาชน),Industrials,-2.4619998,,7.579
B,บริษัท บี จิสติกส์ จำกัด (มหาชน),Industrials,-2.5239998,,39.851
TTI,บริษัท โรงงานผ้าไทย จำกัด (มหาชน),Consumer Cyclical,-2.5250000000000004,,12.436
THE,บริษัท เดอะ สตีล จำกัด (มหาชน),Basic Materials,-2.681,,73.357
KSL,บริษัท น้ำตาลขอนแก่น จำกัด (มหาชน),Consumer Defensive,-2.962,,103.365
INGRS,บริษัท อิงเกรส อินดัสเตรียล (ไทยแลนด์) จำกัด (มหาชน),Consumer Cyclical,-3.2009999999999996,,140.17
TVT,บริษัท ทีวี ธันเดอร์ จำกัด (มหาชน),Communication Services,-3.309,,0.987
GTV,บริษัท กรีนเทค เวนเจอร์ส จำกัด (มหาชน),Utilities,-3.351,,45.25
JSP,บริษัท โรงงานเภสัชอุตสาหกรรม เจเอสพี (ประเทศไทย) จำกัด (มหาชน),Consumer Defensive,-3.411,99.0,29.387
NCH,บริษัท เอ็น. ซี. เฮ้าส์ซิ่ง จำกัด (มหาชน),Real Estate,-3.4140002000000003,,44.808
ML,บริษัท ไมด้า ลิสซิ่ง จำกัด (มหาชน),Financial Services,-3.421,,65.73
CIVIL,บริษัท ซีวิลเอนจีเนียริง จำกัด (มหาชน),Industrials,-3.4590002,,123.958
GCAP,บริษัท จี แคปปิตอล จำกัด (มหาชน),Financial Services,-3.4909999999999997,,89.902
SQ,บริษัท สหกลอิควิปเมนท์ จำกัด (มหาชน),Industrials,-3.4979999999999998,,175.107
SVR,บริษัท สิวารมณ์ เรียลเอสเตท จำกัด (มหาชน),Real Estate,-3.5360000000000005,,112.733
MTW,บริษัท เมคทูวิน โฮลดิ้ง จำกัด (มหาชน),Consumer Cyclical,-3.6069999999999998,,24.414
META,บริษัท เมตะ คอร์ปอเรชั่น จำกัด (มหาชน),Utilities,-3.687,,25.932
WACOAL,บริษัท ไทยวาโก้ จำกัด (มหาชน),Consumer Cyclical,-3.7760000000000002,,1.177
CHIC,บริษัท ชิค รีพับบลิค จำกัด (มหาชน),Consumer Cyclical,-3.882,,107.165
BC,บริษัท บูทิค คอร์ปอเรชั่น จำกัด (มหาชน),Real Estate,-3.9100002000000003,,243.912
UOBKH,บริษัทหลักทรัพย์ ยูโอบี เคย์เฮียน (ประเทศไทย) จำกัด (มหาชน),Financial Services,-3.9100002000000003,,1.766
MCOT,บริษัท อสมท จำกัด (มหาชน),Communication Services,-4.125,,8.805
BSBM,บริษัท บางสะพานบาร์มิล จำกัด (มหาชน),Basic Materials,-4.2579997,,0.109
NL,บริษัท เอ็นแอล ดีเวลลอปเมนต์ จำกัด (มหาชน),Industrials,-4.269,,1.449
HANA,บริษัท ฮานา ไมโครอิเล็คโทรนิคส จำกัด (มหาชน),Technology,-4.284000000000001,,0.077
AMANAH,บริษัท อะมานะฮ์ ลิสซิ่ง จำกัด (มหาชน),Financial Services,-4.348,,133.517
CSP,บริษัท ซีเอสพี สตีลเซ็นเตอร์ จำกัด (มหาชน),Basic Materials,-4.3670002,,209.373
TMC,บริษัท ที.เอ็ม.ซี. อุตสาหกรรม จำกัด (มหาชน),Industrials,-4.484,,1.999
TPCH,บริษัท ทีพีซี เพาเวอร์โฮลดิ้ง จำกัด (มหาชน),Utilities,-4.491000199999999,,101.427
AE,บริษัท ออลล์ เอ็นเนอร์ยี่ แอนด์ ยูทิลิตี้ จำกัด (มหาชน),Consumer Cyclical,-4.504,,13.44
UPF,บริษัท ยูเนี่ยนไพโอเนียร์ จำกัด (มหาชน),Consumer Cyclical,-4.5289997,,13.37
SAM,บริษัท สามชัย สตีล อินดัสทรี จำกัด (มหาชน),Basic Materials,-4.587,,108.772
WFX,บริษัท เวิลด์เฟล็กซ์ จำกัด (มหาชน),Consumer Cyclical,-4.65,,12.613
NV,บริษัท โนวา ออร์แกนิค จำกัด (มหาชน),Consumer Defensive,-4.7059998,,1.357
PLUS,บริษัท โรแยล พลัส จำกัด (มหาชน),Consumer Defensive,-4.7119997,,23.5
KCM,บริษัท เค.ซี.เมททอลชีท จำกัด (มหาชน),Industrials,-4.795,,45.672
CPANEL,บริษัท ซีแพนเนล จำกัด (มหาชน),Basic Materials,-5.0029997,,124.043
SCG,บริษัท ราชพัฒนา เอ็นเนอร์ยี จำกัด (มหาชน),Utilities,-5.04,,138.738
PPS,บริษัท โปรเจค แพลนนิ่ง เซอร์วิส จำกัด (มหาชน),Industrials,-5.053,,71.883
SRS,บริษัท สิริซอฟต์ จำกัด (มหาชน),Technology,-5.163,,18.322
RP,บริษัท ท่าเรือราชาเฟอร์รี่ จำกัด (มหาชน),Industrials,-5.2780000000000005,,105.536
IRPC,บริษัท ไออาร์พีซี จำกัด (มหาชน),Energy,-5.29,,103.442
OGC,บริษัท โอเชียนกลาส จำกัด (มหาชน),Consumer Cyclical,-5.337,,83.93
PRAKIT,บริษัท ประกิต โฮลดิ้งส์ จำกัด (มหาชน),Communication Services,-5.4390002,,
MATCH,บริษัท แม็ทชิ่ง แม็กซิไมซ์ โซลูชั่น จำกัด (มหาชน),Communication Services,-5.4580003,,11.247
FMT,บริษัท ไฟน์ เม็ททัล เทคโนโลยีส์ จำกัด (มหาชน),Industrials,-5.475,,84.882
GREEN,บริษัท กรีน รีซอร์สเซส จำกัด (มหาชน),Utilities,-5.4840002,,24.657
PTTGC,บริษัท พีทีที โกลบอล เคมิคอล จำกัด (มหาชน),Basic Materials,-5.519,,60.892
DUSIT,บริษัท ดุสิตธานี จำกัด (มหาชน),Consumer Cyclical,-5.523,,230.136
SMT,บริษัท สตาร์ส ไมโครอิเล็กทรอนิกส์ (ประเทศไทย) จำกัด (มหาชน),Technology,-5.5329999999999995,,11.16
BGT,บริษัท บีจีที คอร์ปอเรชั่น จำกัด (มหาชน),Consumer Cyclical,-5.57,,94.697
TR,บริษัท ไทยเรยอน จำกัด (มหาชน),Consumer Cyclical,-5.722,,12.038
DHOUSE,บริษัท ดีเฮ้าส์พัฒนา จำกัด (มหาชน),Real Estate,-5.845000000000001,,85.525
PRINC,บริษัท พริ้นซิเพิล แคปิตอล จำกัด (มหาชน),Healthcare,-6.0510002,,44.514
VNG,บริษัท วนชัย กรุ๊ป จำกัด (มหาชน),Basic Materials,-6.194,,125.216
TPA,บริษัท ไทยโพลีอะคริลิค จำกัด (มหาชน),Basic Materials,-6.366,,1.654
APURE,บริษัท อกริเพียว โฮลดิ้งส์ จำกัด (มหาชน),Consumer Defensive,-6.461,,16.282
UEC,บริษัท ยูนิมิต เอนจิเนียริ่ง จำกัด (มหาชน),Basic Materials,-6.764,,0.95
TRUBB,บริษัท ไทยรับเบอร์ลาเท็คซ์กรุ๊ป จำกัด (มหาชน),Basic Materials,-6.954000000000001,,116.579
AIMCG,ทรัสต์เพื่อการลงทุนในอสังหาริมทรัพย์และสิทธิการเช่าอสังหาริมทรัพย์ เอไอเอ็ม คอมเมอร์เชียล โกรท,Real Estate,-7.034,,17.101
BSM,บริษัท บิวเดอสมาร์ท จำกัด (มหาชน),Industrials,-7.071,,135.93
LDC,บริษัท แอลดีซี เด็นทัล จำกัด (มหาชน),Healthcare,-7.443999499999999,,97.678
MATI,บริษัท มติชน จำกัด (มหาชน),Communication Services,-7.463,,0.939
GGC,บริษัท โกลบอลกรีนเคมิคอล จำกัด (มหาชน),Basic Materials,-7.5009999999999994,,4.029
TGPRO,บริษัท ไทย-เยอรมัน โปรดักส์ จำกัด (มหาชน),Basic Materials,-8.018,,39.276
SUPER,บริษัท ซุปเปอร์ เอนเนอร์ยี คอร์เปอเรชั่น จำกัด (มหาชน),Utilities,-8.165,,215.646
STOWER,บริษัท สกาย ทาวเวอร์ จำกัด (มหาชน),Basic Materials,-9.004,,3.226
MK,บริษัท มั่นคงเคหะการ จำกัด (มหาชน),Real Estate,-9.132,,171.064
CHAYO,บริษัท ชโย กรุ๊ป จำกัด (มหาชน),Financial Services,-9.295999,5.2272725,92.423
SR,บริษัท สยามราช จำกัด (มหาชน),Industrials,-9.3310006,,181.096
PDJ,บริษัท แพรนด้า จิวเวลรี่ จำกัด (มหาชน),Consumer Cyclical,-9.455,,60.65
MIDA,บริษัท ไมด้า แอสเซ็ท จำกัด (มหาชน),Financial Services,-9.754,,134.416
PLANET,บริษัท แพลนเน็ต คอมมิวนิเคชั่น เอเชีย จำกัด (มหาชน),Technology,-9.9589996,,55.817
GENCO,บริษัทบริหารและพัฒนาเพื่อการอนุรักษ์สิ่งแวดล้อม จำกัด(มหาชน),Industrials,-10.100000000000001,,2.181
PPP,บริษัท พรีเมียร์ โพรดักส์ จำกัด (มหาชน),Industrials,-10.122,,19.202
FN,บริษัท เอฟเอ็น แฟคตอรี่ เอ๊าท์เลท จำกัด (มหาชน),Consumer Cyclical,-10.477000499999999,,11.467
BJCHI,บริษัท บีเจซี เฮฟวี่ อินดัสทรี จำกัด (มหาชน),Industrials,-10.7,,0.107
TVDH,บริษัท ทีวีดี โฮลดิ้งส์ จำกัด (มหาชน),Consumer Cyclical,-10.832,,47.202
TURTLE,บริษัท ซุปเปอร์ เทอร์เทิล จำกัด (มหาชน),Consumer Cyclical,-10.870000000000001,,4.266
BTC,บริษัท บรุ๊คเคอร์ กรุ๊ป จำกัด (มหาชน),Financial Services,-10.939,,20.441
PRIME,บริษัท ไพร์ม โรด เพาเวอร์ จำกัด (มหาชน),Utilities,-11.056000000000001,,185.598
ARIN,บริษัท อรินสิริ แลนด์ จำกัด (มหาชน),Real Estate,-11.1490004,,116.36
GJS,บริษัท จี เจ สตีล จำกัด (มหาชน),Basic Materials,-11.205,,0.153
FNS,บริษัท เอฟเอ็นเอส โฮลดิ้งส์ จำกัด (มหาชน),Financial Services,-11.375,,103.252
SGF,บริษัท เอสจีเอฟ แคปปิตอล จำกัด (มหาชน),Financial Services,-11.453000000000001,,25.355
PLE,บริษัท เพาเวอร์ไลน์ เอ็นจิเนียริ่ง จำกัด (มหาชน),Industrials,-11.721,,373.024
FSX,บริษัท ฟินันเซีย เอกซ์ จำกัด (มหาชน),Financial Services,-11.729000000000001,,5.774
NRF,บริษัท เอ็นอาร์ อินสแตนท์ โปรดิวซ์ จำกัด (มหาชน),Consumer Defensive,-11.7989995,,124.939
EVER,บริษัท เอเวอร์แลนด์ จำกัด (มหาชน),Real Estate,-11.858,,155.62
CGD,บริษัท คันทรี่ กรุ๊ป ดีเวลลอปเมนท์ จำกัด (มหาชน),Real Estate,-12.812000000000001,,52.383
ABM,บริษัท เอเชีย ไบโอแมส จำกัด (มหาชน),Utilities,-12.945,,154.789
RWI,บริษัท ระยองไวร์ อินดัสตรีส์ จำกัด (มหาชน),Basic Materials,-13.099,,14.024
TFI,บริษัท ไทยฟิวเจอร์อินคอร์ปอเรชั่น จำกัด (มหาชน),Consumer Cyclical,-13.122,,19.536
TPOLY,บริษัท ไทยโพลีคอนส์ จำกัด (มหาชน),Industrials,-13.272998999999999,,194.844
CEN,บริษัท แคปปิทอล เอ็นจิเนียริ่ง เน็ตเวิร์ค จำกัด (มหาชน),Basic Materials,-13.502,,7.421
TIGER,บริษัท ไทย อิงเกอร์ โฮลดิ้ง จำกัด (มหาชน),Industrials,-13.916,,7.845
TL,บริษัท เทคลีด เอ็นพีเอ็น จำกัด (มหาชน),Healthcare,-14.310998999999999,,
APCS,บริษัท เอเซีย พรีซิชั่น จำกัด (มหาชน),Industrials,-14.949000000000002,,38.622
CHOTI,บริษัท ห้องเย็นโชติวัฒน์หาดใหญ่ จำกัด (มหาชน),Consumer Defensive,-15.045,,205.56
TWZ,บริษัท ทีดับบลิวแซด คอร์ปอเรชั่น จำกัด (มหาชน),Consumer Cyclical,-15.152,,48.308
PRECHA,บริษัท ปรีชากรุ๊ป จำกัด (มหาชน),Real Estate,-15.641,,66.317
CRANE,บริษัท ชูไก จำกัด (มหาชน),Industrials,-15.692,,101.889
ACC,บริษัท แอดวานซ์ คอนเนคชั่น คอร์ปอเรชั่น จำกัด (มหาชน),Industrials,-16.212,,28.024
KTIS,บริษัท เกษตรไทย อินเตอร์เนชั่นแนล ชูการ์ คอร์ปอเรชั่น จำกัด (มหาชน),Consumer Defensive,-16.656000000000002,,123.667
SKE,บริษัท สากล เอนเนอยี จำกัด (มหาชน),Utilities,-16.746001,,85.168
SAWANG,บริษัท สว่างเอ็กซ์ปอร์ต จำกัด (มหาชน),Consumer Cyclical,-17.044,,2.986
MJD,บริษัท เมเจอร์ ดีเวลลอปเม้นท์ จำกัด (มหาชน),Real Estate,-17.502001,,344.971
SPTX,บริษัท เอสพีที เอกซ์ จำกัด (มหาชน),Technology,-17.905001000000002,,7.028
CMC,บริษัท เจ้าพระยามหานคร จำกัด (มหาชน),Real Estate,-18.080999000000002,,235.083
GEL,บริษัท เจนเนอรัล เอนจิเนียริ่ง จำกัด (มหาชน),Basic Materials,-18.262999999999998,,137.096
CI,บริษัท ชาญอิสสระ ดีเวล็อปเมนท์ จำกัด (มหาชน),Real Estate,-18.278,,322.465
AJ,บริษัท เอ.เจ.พลาสท์ จำกัด (มหาชน),Consumer Cyclical,-18.808001,,182.355
AJA,บริษัท เอเจ แอดวานซ์ เทคโนโลยี จำกัด (มหาชน),Technology,-18.889,,5.381
TSE,บริษัท ไทย โซล่าร์ เอ็นเนอร์ยี่ จำกัด (มหาชน),Utilities,-19.094,,145.08
NKI,บริษัท นวกิจประกันภัย จำกัด (มหาชน),Financial Services,-19.764,,2.019
PF,บริษัท พร็อพเพอร์ตี้ เพอร์เฟค จำกัด (มหาชน),Real Estate,-20.27,,189.689
ZAA,บริษัท ซาเล็คต้า จำกัด (มหาชน),Communication Services,-20.36,,4.451
IMH,บริษัท โรงพยาบาลอินเตอร์เมดิคัล แคร์ แอนด์ แล็บ จำกัด (มหาชน),Healthcare,-20.624000000000002,,107.579
BEAUTY,บริษัท บิวตี้ คอมมูนิตี้ จำกัด (มหาชน),Consumer Cyclical,-21.059998999999998,,8.9
AQUA,บริษัท อควา คอร์เปอเรชั่น จำกัด (มหาชน),Communication Services,-21.368000000000002,,34.734
JCK,บริษัท เจซีเค อินเตอร์เนชั่นแนล จำกัด (มหาชน),Real Estate,-21.624,,198.685
AMR,บริษัท เอเอ็มอาร์ เอเซีย จำกัด (มหาชน),Industrials,-21.959999,,30.664
J,บริษัท เจเอเอส แอสเซ็ท จำกัด (มหาชน),Real Estate,-23.150000000000002,,86.957
KASET,บริษัท ไทยฮา จำกัด (มหาชน),Consumer Defensive,-23.753999,,139.064
KGEN,บริษัท คิง เจน จำกัด (มหาชน),Industrials,-23.9,,27.226
SCM,บริษัท ซัคเซสมอร์ บีอิ้งค์ จำกัด (มหาชน),Consumer Defensive,-24.011,,7.16
DPAINT,บริษัท สีเดลต้า จำกัด (มหาชน),Basic Materials,-24.459,,64.891
CPL,บริษัท ซีพีแอล กรุ๊ป จำกัด (มหาชน),Consumer Cyclical,-25.094,,151.279
EA,บริษัท พลังงานบริสุทธิ์ จำกัด (มหาชน),Utilities,-25.104,,125.565
SST,บริษัท ทรัพย์ศรีไทย จำกัด (มหาชน),Consumer Defensive,-25.855,,185.798
SCI,บริษัท เอสซีไอ อีเลคตริค จำกัด (มหาชน),Industrials,-26.301999999999996,,38.83
GLORY,บริษัท รุ่งเรืองตลอดไป จำกัด (มหาชน),Communication Services,-26.322000000000003,,0.518
STELLA,บริษัท สเตลล่า เอ็กซ์ จำกัด (มหาชน),Real Estate,-26.762000000000004,,60.485
PPPM,บริษัท พีพี ไพร์ม จำกัด (มหาชน),Consumer Defensive,-28.607,,26.932
BTW,บริษัท บีที เวลธ์ อินดัสตรีส์ จำกัด (มหาชน),Industrials,-30.232999999999997,,70.332
CHEWA,บริษัท ชีวาทัย จำกัด (มหาชน),Real Estate,-30.666,,225.259
MUD,บริษัท มัด แอนด์ ฮาวด์ จำกัด (มหาชน),Consumer Cyclical,-32.318002,,158.53
CIG,บริษัท ซี.ไอ.กรุ๊ป จำกัด (มหาชน),Industrials,-32.716998000000004,,35.017
IIG,บริษัท ไอแอนด์ไอ กรุ๊ป จำกัด (มหาชน),Technology,-33.263,,112.273
SOLAR,บริษัท โซลาร์ตรอน จำกัด (มหาชน),Technology,-33.85,,94.373
VS,บริษัท วีเซิร์ฟ เอ็นเตอร์ไพรส์ จำกัด (มหาชน),Industrials,-34.339999999999996,,56.64
EP,บริษัท อีสเทอร์น พาวเวอร์ กรุ๊ป จำกัด (มหาชน),Industrials,-36.473,,159.488
RS,บริษัท อาร์เอส จำกัด (มหาชน),Communication Services,-36.611,,178.401
TNPC,บริษัท ไทยนามพลาสติกส์ จำกัด (มหาชน),Consumer Cyclical,-38.067,,87.956
KC,บริษัท เค.ซี. พร็อพเพอร์ตี้ จำกัด (มหาชน),Real Estate,-38.801,,26.739
IRCP,บริษัท อินเตอร์เนชั่นแนล รีเสริช คอร์ปอเรชั่น จำกัด (มหาชน),Technology,-39.073002,,30.084
EMC,บริษัท อีเอ็มซี จำกัด (มหาชน),Industrials,-40.23,,63.384
RML,บริษัท ไรมอน แลนด์ จำกัด (มหาชน),Real Estate,-40.605000000000004,,138.784
A,บริษัท อารียา พรอพเพอร์ตี้ จำกัด (มหาชน),Real Estate,-43.868,,625.839
PERM,บริษัท เพิ่มสินสตีลเวิคส์ จำกัด (มหาชน),Basic Materials,-44.487,,915.519
GRAND,บริษัท แกรนด์ แอสเสท โฮเทลส์ แอนด์ พรอพเพอร์ตี้ จำกัด(มหาชน),Consumer Cyclical,-49.216998000000004,,571.454
NCL,บริษัท เอ็นซีแอล อินเตอร์เนชั่นแนล โลจิสติกส์ จำกัด (มหาชน),Industrials,-49.36,,82.251
NEX,บริษัท เน็กซ์ พอยท์ จำกัด (มหาชน),Industrials,-50.551,,0.967
PEER,บริษัท เพียร์ ฟอร์ ยู จำกัด (มหาชน),Industrials,-52.611,,7.176
EMPIRE,บริษัท ออริจิ้น โกลบอล เอมไพร์ จำกัด (มหาชน),Industrials,-52.724000000000004,,16.673
HEALTH,บริษัท เฮลท์ เอ็มไพร์ คอร์ปอเรชั่น จำกัด (มหาชน),Consumer Cyclical,-54.962999999999994,,11.651
KWI,บริษัท เคดับบลิวไอ จำกัด (มหาชน),Financial Services,-55.945,,372.597
TAKUNI,บริษัท ทาคูนิ กรุ๊ป จำกัด (มหาชน),Industrials,-69.532996,,72.932
THAI,บริษัท การบินไทย จำกัด (มหาชน),Industrials,-71.43,,155.013
CV,บริษัท โคลเวอร์ เพาเวอร์ จำกัด (มหาชน),Utilities,-72.253996,,216.133
WAVE,บริษัท เวฟ เอกซ์โพเนนเชียล จำกัด (มหาชน),Consumer Defensive,-73.247004,,22.815
DIMET,บริษัท ไดเมท (สยาม) จำกัด (มหาชน),Basic Materials,-76.86800000000001,,42.573
B52,บริษัท บี-52 แคปปิตอล จำกัด (มหาชน),Real Estate,-79.12400000000001,,19.528
QTCG,บริษัท คิวทีซีจี จำกัด (มหาชน),Industrials,-82.95600400000001,,138.266
BYD,บริษัทหลักทรัพย์ บียอนด์ จำกัด (มหาชน),Financial Services,-82.985,,1.368
ECF,บริษัท อีสต์โคสท์เฟอร์นิเทค จำกัด (มหาชน),Consumer Cyclical,-83.584,,402.171
PSTC,บริษัท เพาเวอร์ โซลูชั่น เทคโนโลยี จำกัด (มหาชน),Energy,-89.742994,,67.882
CAZ,บริษัท ซี เอ แซด (ประเทศไทย) จำกัด (มหาชน),Industrials,-90.98000499999999,,89.075
TNDT,บริษัท ไทย เอ็น ดี ที จำกัด (มหาชน),Industrials,-92.214996,,385.689
COMAN,บริษัท โคแมนชี่ อินเตอร์เนชั่นแนล จำกัด (มหาชน),Technology,-101.104,,1.107
TCMC,บริษัท ทีซีเอ็ม คอร์ปอเรชั่น จำกัด (มหาชน),Consumer Cyclical,-102.20899999999999,,390.09
MONO,บริษัท โมโน เน็กซ์ จำกัด (มหาชน),Communication Services,-102.732,,476.748
QDC,บริษัท ควอนตัม ดี ซี จำกัด (มหาชน),Consumer Cyclical,-113.459,,511.808
YGG,บริษัท อิ๊กดราซิล กรุ๊ป จำกัด (มหาชน),Communication Services,-122.699,,17.912
XBIO,บริษัท เอ็กซ์ ไบโอไซเอนซ์ จำกัด (มหาชน),Consumer Defensive,-134.52901,,111.191
MILL,บริษัท มิลล์คอน สตีล จำกัด (มหาชน),Basic Materials,-140.66299,,2946.236
HYDRO,บริษัท ไฮโดรเท็ค จำกัด (มหาชน),Industrials,-141.26400999999998,,235.526
MVP,บริษัท เอ็ม วิชั่น จำกัด (มหาชน),Communication Services,-167.119,,319.311
WSOL,บริษัท ดับบลิว เอส โอ แอล จำกัด (มหาชน),Industrials,-226.57500000000002,,2056.225
AKS,บริษัท เอเคเอส คอร์ปอเรชั่น จำกัด (มหาชน),Real Estate,-241.44899999999998,,
PTECH,บริษัท พลัส เทค อินโนเวชั่น จำกัด (มหาชน),Industrials,-273.89498,,34.638
NATION,บริษัท เนชั่น กรุ๊ป (ไทยแลนด์) จำกัด (มหาชน),Communication Services,-458.50600000000003,,
TRC,บริษัท ทีอาร์ซี คอนสตรัคชั่น จำกัด (มหาชน),Industrials,-913.9369999999999,,5504.405
TTCL,บริษัท ทีทีซีแอล จำกัด (มหาชน),Industrials,-959.4110499999999,,
TIF1,กองทุนรวมอสังหาริมทรัพย์ไทยอินดัสเตรียล 1,กองทุนรวมอสังหาริมทรัพย์และกองทรัสต์เพื่อการลงทุนในอสังหาริมทรัพย์,,12.258064,
QHHRREIT,ทรัสต์เพื่อการลงทุนในอสังหาริมทรัพย์และสิทธิการเช่า ควอลิตี้ เฮ้าส์ โฮเทล แอนด์ เรซิเดนซ์,กองทุนรวมอสังหาริมทรัพย์และกองทรัสต์เพื่อการลงทุนในอสังหาริมทรัพย์,,34.04762,
QHBREIT,ทรัสต์เพื่อการลงทุนในสิทธิการเช่าอสังหาริมทรัพย์ ควอลิตี้ เฮ้าส์ บิสซิเนส คอมเพล็กซ์,กองทุนรวมอสังหาริมทรัพย์และกองทรัสต์เพื่อการลงทุนในอสังหาริมทรัพย์,,72.399994,
POPF,กองทุนรวมสิทธิการเช่าอสังหาริมทรัพย์ไพร์มออฟฟิศ,กองทุนรวมอสังหาริมทรัพย์และกองทรัสต์เพื่อการลงทุนในอสังหาริมทรัพย์,,9.090909,
ONSENS,บริษัท ออนเซ็น รีทรีต แอนด์ สปา กรุ๊ป จำกัด (มหาชน),Consumer Cyclical,,16.428572,231.443
SIRIPRT,ทรัสต์เพื่อการลงทุนในอสังหาริมทรัพย์สิริภิญโญ,Real Estate,,15.416667,
SMART,บริษัท สมาร์ทคอนกรีต จำกัด (มหาชน),-,,15.238095,
NUT,บริษัท นูทริชั่น โปรเฟส จำกัด (มหาชน),Consumer Defensive,,7.454545,19.286
MNRF,กองทุนรวมอสังหาริมทรัพย์มัลติเนชั่นแนลเรสซิเดนซ์ฟันด์,กองทุนรวมอสังหาริมทรัพย์และกองทรัสต์เพื่อการลงทุนในอสังหาริมทรัพย์,,45.10638,
MNIT2,กองทุนรวมอสังหาริมทรัพย์นิชดาธานี 2,กองทุนรวมอสังหาริมทรัพย์และกองทรัสต์เพื่อการลงทุนในอสังหาริมทรัพย์,,30.30303,
MNIT,กองทุนรวมอสังหาริมทรัพย์เอ็มเอฟซี-นิชดาธานี,กองทุนรวมอสังหาริมทรัพย์และกองทรัสต์เพื่อการลงทุนในอสังหาริมทรัพย์,,13.5,
SMO,บริษัท กลุ่มสมอทอง จำกัด (มหาชน),Consumer Defensive,,5.6666665,111.436
MIPF,กองทุนรวมอสังหาริมทรัพย์มิลเลียนแนร์,กองทุนรวมอสังหาริมทรัพย์และกองทรัสต์เพื่อการลงทุนในอสังหาริมทรัพย์,,17.222221,
SSPF,กองทุนรวมอสังหาริมทรัพย์ศาลาแอทสาทร,กองทุนรวมอสังหาริมทรัพย์และกองทรัสต์เพื่อการลงทุนในอสังหาริมทรัพย์,,17.248678,
MII,ทรัสต์เพื่อการลงทุนในอสังหาริมทรัพย์และสิทธิการเช่า เอ็มเอฟซี อินดัสเตรียล อินเวสเมนท์,กองทุนรวมอสังหาริมทรัพย์และกองทรัสต์เพื่อการลงทุนในอสังหาริมทรัพย์,,7.014493,
MGI,บริษัท มิสแกรนด์ อินเตอร์เนชั่นแนล จำกัด (มหาชน),-,,7.25,
LUXF,กองทุนรวมอสังหาริมทรัพย์ลักซ์ชัวรี่,กองทุนรวมอสังหาริมทรัพย์และกองทรัสต์เพื่อการลงทุนในอสังหาริมทรัพย์,,27.160494,
LHRREIT,ทรัสต์เพื่อการลงทุนในอสังหาริมทรัพย์และสิทธิการเช่า แลนด์ แอนด์ เฮ้าส์ เรซิเดนซ์,กองทุนรวมอสังหาริมทรัพย์และกองทรัสต์เพื่อการลงทุนในอสังหาริมทรัพย์,,5.6052637,
QHOP,กองทุนรวมสิทธิการเช่าอสังหาริมทรัพย์ควอลิตี้ ฮอสพิทอลลิตี้,กองทุนรวมอสังหาริมทรัพย์และกองทรัสต์เพื่อการลงทุนในอสังหาริมทรัพย์,,13.6,
LHHOTEL,ทรัสต์เพื่อการลงทุนในสิทธิการเช่าอสังหาริมทรัพย์ แอล เอช โฮเทล,กองทุนรวมอสังหาริมทรัพย์และกองทรัสต์เพื่อการลงทุนในอสังหาริมทรัพย์,,6.3720927,
TLHPF,กองทุนรวมอสังหาริมทรัพย์ ไทยแลนด์ โฮสพีทาลิตี้,กองทุนรวมอสังหาริมทรัพย์และกองทรัสต์เพื่อการลงทุนในอสังหาริมทรัพย์,,8.880994,
ISSARA,ทรัสต์เพื่อการลงทุนในอสังหาริมทรัพย์อิสสระ,,,15.204081,
TTLPF,กองทุนรวมสิทธิการเช่าอสังหาริมทรัพย์ตลาดไท,กองทุนรวมอสังหาริมทรัพย์และกองทรัสต์เพื่อการลงทุนในอสังหาริมทรัพย์,,6.25,
HPF,กองทุนรวมอสังหาริมทรัพย์และสิทธิการเช่าเหมราชอินดัสเตรียล,กองทุนรวมอสังหาริมทรัพย์และกองทรัสต์เพื่อการลงทุนในอสังหาริมทรัพย์,,13.533835,
GSTEEL,บริษัท จี สตีล จำกัด (มหาชน),เหล็ก และ ผลิตภัณฑ์โลหะ,,1.9565219,
CPNCG,กองทุนรวมสิทธิการเช่าอสังหาริมทรัพย์ CPN คอมเมอร์เชียล โกรท,กองทุนรวมอสังหาริมทรัพย์และกองทรัสต์เพื่อการลงทุนในอสังหาริมทรัพย์,,5.938697,
BKD,บริษัท บางกอก เดค-คอน จำกัด (มหาชน),บริการรับเหมาก่อสร้าง,,14.302325,
AXTRART,ทรัสต์เพื่อการลงทุนในอสังหาริมทรัพย์และสิทธิการเช่า แอ็กซ์ตร้า ฟิวเจอร์ ซิตี้,กองทุนรวมอสังหาริมทรัพย์และกองทรัสต์เพื่อการลงทุนในอสังหาริมทรัพย์,,13.7894745,
TURBO,บริษัท เงินเทอร์โบ จำกัด (มหาชน),Financial Services,,7.727273,231.114
