date,open,high,low,close,adjusted_close,volume,warning,Stock
2025-04-09,5750.0,5925.0,5700.0,5750.0,5396.4046,12763900.0,Data is limited by one year as you have free subscription,AADI
2025-04-09,5225.0,5375.0,5200.0,5275.0,5034.7838,683000.0,Data is limited by one year as you have free subscription,AALI
2025-04-09,16.0,16.0,16.0,16.0,16.0,285300.0,Data is limited by one year as you have free subscription,ABBA
2025-04-09,3400.0,3400.0,3400.0,3400.0,3400.0,0.0,Data is limited by one year as you have free subscription,ABDA
2025-04-09,2850.0,2900.0,2800.0,2830.0,2698.7909,2323900.0,Data is limited by one year as you have free subscription,ABMM
2025-04-09,450.0,476.0,446.0,462.0,431.6157,87885500.0,Data is limited by one year as you have free subscription,ACES
2025-04-09,53.0,54.0,52.0,53.0,53.0,1939400.0,Data is limited by one year as you have free subscription,ACRO
2025-04-09,64.0,64.0,64.0,64.0,64.0,2782100.0,Data is limited by one year as you have free subscription,ACST
2025-04-09,50.0,50.0,50.0,50.0,50.0,25300.0,Data is limited by one year as you have free subscription,ADCP
2025-04-09,9500.0,9875.0,9475.0,9500.0,9500.0,116500.0,Data is limited by one year as you have free subscription,ADES
2025-04-09,208.0,220.0,194.0,196.0,196.0,39578500.0,Data is limited by one year as you have free subscription,ADHI
2025-04-09,8875.0,9050.0,8875.0,8925.0,8248.5283,204900.0,Data is limited by one year as you have free subscription,ADMF
2025-04-09,103.0,108.0,101.0,103.0,103.0,26500.0,Data is limited by one year as you have free subscription,ADMG
2025-04-09,790.0,815.0,770.0,790.0,752.9629,32592200.0,Data is limited by one year as you have free subscription,ADMR
2025-04-09,1640.0,1695.0,1605.0,1650.0,1406.8195,86056100.0,Data is limited by one year as you have free subscription,ADRO
2025-04-09,28.0,29.0,26.0,27.0,27.0,1782900.0,Data is limited by one year as you have free subscription,AEGS
2025-04-09,264.0,268.0,264.0,264.0,264.0,5000.0,Data is limited by one year as you have free subscription,AGAR
2025-04-09,1140.0,1140.0,1100.0,1130.0,1120.3272,15600.0,Data is limited by one year as you have free subscription,AGII
2025-04-09,167.0,170.0,163.0,166.0,166.0,7992900.0,Data is limited by one year as you have free subscription,AGRO
2025-04-09,56.0,57.0,55.0,55.0,55.0,5081500.0,Data is limited by one year as you have free subscription,AGRS
2025-04-09,58.0,60.0,53.0,54.0,54.0,9635100.0,Data is limited by one year as you have free subscription,AHAP
2025-04-09,304.0,308.0,290.0,300.0,300.0,555000.0,Data is limited by one year as you have free subscription,AIMS
2025-04-09,101.0,103.0,99.0,102.0,102.0,1989900.0,Data is limited by one year as you have free subscription,AISA
2025-04-09,15.0,15.0,14.0,14.0,14.0,309200.0,Data is limited by one year as you have free subscription,AKKU
2025-04-09,580.0,620.0,555.0,620.0,611.4555,49500.0,Data is limited by one year as you have free subscription,AKPI
2025-04-09,970.0,990.0,890.0,900.0,832.2221,28171900.0,Data is limited by one year as you have free subscription,AKRA
2025-04-09,160.0,168.0,140.0,146.0,146.0,681100.0,Data is limited by one year as you have free subscription,AKSI
2025-04-09,496.0,498.0,496.0,498.0,497.496,228400.0,Data is limited by one year as you have free subscription,ALDO
2025-04-09,362.0,374.0,354.0,358.0,354.9019,11172100.0,Data is limited by one year as you have free subscription,ALII
2025-04-09,284.0,302.0,272.0,294.0,294.0,33800.0,Data is limited by one year as you have free subscription,ALKA
2025-04-09,74.0,74.0,74.0,74.0,74.0,0.0,Data is limited by one year as you have free subscription,ALMI
2025-04-09,13.0,14.0,13.0,14.0,14.0,56000.0,Data is limited by one year as you have free subscription,ALTO
2025-04-09,324.0,334.0,320.0,328.0,292.9198,40200.0,Data is limited by one year as you have free subscription,AMAG
2025-04-09,89.0,90.0,89.0,89.0,89.0,1126600.0,Data is limited by one year as you have free subscription,AMAN
2025-04-09,167.0,167.0,165.0,166.0,156.8775,680100.0,Data is limited by one year as you have free subscription,AMAR
2025-04-09,3280.0,3390.0,3000.0,3160.0,3089.7778,35000.0,Data is limited by one year as you have free subscription,AMFG
2025-04-09,129.0,133.0,129.0,133.0,126.35,4700.0,Data is limited by one year as you have free subscription,AMIN
2025-04-09,4600.0,4770.0,4500.0,4630.0,4630.0,17258300.0,Data is limited by one year as you have free subscription,AMMN
2025-04-09,33.0,36.0,33.0,33.0,33.0,2136500.0,Data is limited by one year as you have free subscription,AMMS
2025-04-09,490.0,530.0,490.0,505.0,466.9516,22600.0,Data is limited by one year as you have free subscription,AMOR
2025-04-09,2030.0,2140.0,2030.0,2070.0,2043.0505,40809900.0,Data is limited by one year as you have free subscription,AMRT
2025-04-09,10.0,10.0,9.0,9.0,9.0,568400.0,Data is limited by one year as you have free subscription,ANDI
2025-04-09,1615.0,1625.0,1580.0,1595.0,1595.0,6280400.0,Data is limited by one year as you have free subscription,ANJT
2025-04-09,1415.0,1580.0,1415.0,1475.0,1475.0,160024000.0,Data is limited by one year as you have free subscription,ANTM
2025-04-09,80.0,90.0,80.0,85.0,85.0,1277500.0,Data is limited by one year as you have free subscription,APEX
2025-04-09,1050.0,1100.0,1025.0,1100.0,1100.0,21014200.0,Data is limited by one year as you have free subscription,APIC
2025-04-09,169.0,169.0,168.0,168.0,168.0,4500.0,Data is limited by one year as you have free subscription,APII
2025-04-09,488.0,525.0,488.0,525.0,525.0,2600.0,Data is limited by one year as you have free subscription,APLI
2025-04-09,79.0,81.0,78.0,81.0,81.0,6177400.0,Data is limited by one year as you have free subscription,APLN
2025-04-09,250.0,262.0,244.0,256.0,252.3251,2953400.0,Data is limited by one year as you have free subscription,ARCI
2025-04-09,1640.0,1695.0,1605.0,1650.0,1650.0,86056100.0,Data is limited by one year as you have free subscription,ARDO
2025-04-09,378.0,390.0,336.0,360.0,360.0,3901400.0,Data is limited by one year as you have free subscription,AREA
2025-04-09,675.0,685.0,630.0,665.0,665.0,8300.0,Data is limited by one year as you have free subscription,ARGO
2025-04-09,210.0,210.0,208.0,208.0,208.0,106100.0,Data is limited by one year as you have free subscription,ARII
2025-04-09,17.0,17.0,16.0,16.0,16.0,201900.0,Data is limited by one year as you have free subscription,ARKA
2025-04-09,830.0,845.0,815.0,815.0,815.0,81800.0,Data is limited by one year as you have free subscription,ARKO
2025-04-09,50.0,50.0,50.0,50.0,50.0,0.0,Data is limited by one year as you have free subscription,ARMY
2025-04-09,620.0,630.0,600.0,615.0,575.5299,1963000.0,Data is limited by one year as you have free subscription,ARNA
2025-04-09,2180.0,2210.0,2180.0,2210.0,2178.1031,72400.0,Data is limited by one year as you have free subscription,ARTA
2025-04-09,2.0,2.0,2.0,2.0,2.0,0.0,Data is limited by one year as you have free subscription,ARTI
2025-04-09,1260.0,1315.0,1235.0,1280.0,1280.0,6748500.0,Data is limited by one year as you have free subscription,ARTO
2025-04-09,408.0,408.0,370.0,408.0,404.6,3300.0,Data is limited by one year as you have free subscription,ASBI
2025-04-09,458.0,458.0,454.0,456.0,418.9268,51700.0,Data is limited by one year as you have free subscription,ASDM
2025-04-09,790.0,790.0,780.0,780.0,716.3403,163700.0,Data is limited by one year as you have free subscription,ASGR
2025-04-09,10.0,11.0,10.0,11.0,11.0,5438300.0,Data is limited by one year as you have free subscription,ASHA
2025-04-09,4480.0,4660.0,4470.0,4620.0,4255.3342,46086300.0,Data is limited by one year as you have free subscription,ASII
2025-04-09,97.0,97.0,97.0,97.0,97.0,9900.0,Data is limited by one year as you have free subscription,ASJT
2025-04-09,63.0,64.0,61.0,61.0,60.0469,1279600.0,Data is limited by one year as you have free subscription,ASLC
2025-04-09,50.0,50.0,50.0,50.0,50.0,384300.0,Data is limited by one year as you have free subscription,ASLI
2025-04-09,11.0,11.0,11.0,11.0,11.0,122600.0,Data is limited by one year as you have free subscription,ASMI
2025-04-09,157.0,162.0,152.0,154.0,154.0,108000.0,Data is limited by one year as you have free subscription,ASPI
2025-04-09,99.0,101.0,96.0,98.0,98.0,26722600.0,Data is limited by one year as you have free subscription,ASRI
2025-04-09,292.0,298.0,292.0,294.0,280.0,5040.0,Data is limited by one year as you have free subscription,ASRM
2025-04-09,454.0,466.0,452.0,456.0,430.1081,5414800.0,Data is limited by one year as you have free subscription,ASSA
2025-04-09,28.0,28.0,27.0,27.0,27.0,117400.0,Data is limited by one year as you have free subscription,ATAP
2025-04-09,416.0,422.0,410.0,412.0,412.0,109300.0,Data is limited by one year as you have free subscription,ATIC
2025-04-09,50.0,50.0,50.0,50.0,49.1017,207700.0,Data is limited by one year as you have free subscription,ATLA
2025-04-09,1810.0,1865.0,1810.0,1850.0,1697.598,1559900.0,Data is limited by one year as you have free subscription,AUTO
2025-04-09,382.0,388.0,378.0,380.0,360.7637,8077100.0,Data is limited by one year as you have free subscription,AVIA
2025-04-09,286.0,302.0,280.0,296.0,296.0,22137700.0,Data is limited by one year as you have free subscription,AWAN
2025-04-09,102.0,108.0,98.0,104.0,97.8468,426600.0,Data is limited by one year as you have free subscription,AXIO
2025-04-09,141.0,142.0,139.0,141.0,141.0,130022200.0,Data is limited by one year as you have free subscription,AYAM
2025-04-09,56.0,59.0,56.0,57.0,57.0,1030800.0,Data is limited by one year as you have free subscription,AYLS
2025-04-09,50.0,50.0,50.0,50.0,50.0,387100.0,Data is limited by one year as you have free subscription,BABP
2025-04-09,260.0,270.0,260.0,268.0,268.0,9961100.0,Data is limited by one year as you have free subscription,BABY
2025-04-09,128.0,129.0,128.0,129.0,129.0,1017300.0,Data is limited by one year as you have free subscription,BACA
2025-04-09,73.0,73.0,70.0,71.0,71.0,1684200.0,Data is limited by one year as you have free subscription,BAIK
2025-04-09,75.0,75.0,71.0,71.0,71.0,219500.0,Data is limited by one year as you have free subscription,BAJA
2025-04-09,1180.0,1180.0,1135.0,1165.0,1119.845,9100.0,Data is limited by one year as you have free subscription,BALI
2025-04-09,765.0,790.0,760.0,790.0,790.0,599400.0,Data is limited by one year as you have free subscription,BANK
2025-04-09,50.0,50.0,50.0,50.0,50.0,100.0,Data is limited by one year as you have free subscription,BAPA
2025-04-09,7.0,8.0,7.0,7.0,7.0,2866900.0,Data is limited by one year as you have free subscription,BAPI
2025-04-09,51.0,51.0,50.0,51.0,51.0,264200.0,Data is limited by one year as you have free subscription,BATA
2025-04-09,61.0,64.0,61.0,62.0,62.0,774100.0,Data is limited by one year as you have free subscription,BATR
2025-04-09,15.0,15.0,14.0,15.0,15.0,1017700.0,Data is limited by one year as you have free subscription,BAUT
2025-04-09,1100.0,1150.0,1100.0,1115.0,1037.8374,99900.0,Data is limited by one year as you have free subscription,BAYU
2025-04-09,7700.0,7950.0,7675.0,7925.0,7542.7611,136753906.0,Data is limited by one year as you have free subscription,BBCA
2025-04-09,600.0,615.0,600.0,605.0,595.3738,259800.0,Data is limited by one year as you have free subscription,BBHI
2025-04-09,50.0,50.0,50.0,50.0,50.0,5886700.0,Data is limited by one year as you have free subscription,BBKP
2025-04-09,600.0,600.0,580.0,600.0,589.4891,22200.0,Data is limited by one year as you have free subscription,BBLD
2025-04-09,1850.0,1900.0,1850.0,1900.0,1870.1491,300.0,Data is limited by one year as you have free subscription,BBMD
2025-04-09,4030.0,4140.0,3970.0,4040.0,3387.1819,81414200.0,Data is limited by one year as you have free subscription,BBNI
2025-04-09,3610.0,3710.0,3600.0,3630.0,3306.5749,366649900.0,Data is limited by one year as you have free subscription,BBRI
2025-04-09,78.0,78.0,75.0,76.0,76.0,89200.0,Data is limited by one year as you have free subscription,BBRM
2025-04-09,3890.0,4020.0,3720.0,4020.0,4020.0,9600.0,Data is limited by one year as you have free subscription,BBSI
2025-04-09,212.0,222.0,212.0,212.0,212.0,616400.0,Data is limited by one year as you have free subscription,BBSS
2025-04-09,810.0,870.0,810.0,825.0,776.4334,42592500.0,Data is limited by one year as you have free subscription,BBTN
2025-04-09,160.0,163.0,153.0,156.0,156.0,10819900.0,Data is limited by one year as you have free subscription,BBYB
2025-04-09,50.0,50.0,50.0,50.0,50.0,60600.0,Data is limited by one year as you have free subscription,BCAP
2025-04-09,170.0,170.0,170.0,170.0,170.0,0.0,Data is limited by one year as you have free subscription,BCIC
2025-04-09,50.0,50.0,50.0,50.0,50.0,110200.0,Data is limited by one year as you have free subscription,BCIP
2025-04-09,105.0,114.0,101.0,108.0,107.2941,10421800.0,Data is limited by one year as you have free subscription,BDKR
2025-04-09,2340.0,2390.0,2320.0,2360.0,2246.15,3231200.0,Data is limited by one year as you have free subscription,BDMN
2025-04-09,5.0,5.0,5.0,5.0,5.0,0.0,Data is limited by one year as you have free subscription,BEBS
2025-04-09,199.9999,212.0,199.9999,208.0,184.0708,37148524.0,Data is limited by one year as you have free subscription,BEEF
2025-04-09,87.0,90.0,83.0,85.0,85.0,78500.0,Data is limited by one year as you have free subscription,BEER
2025-04-09,21.0,21.0,21.0,21.0,21.0,5817000.0,Data is limited by one year as you have free subscription,BEKS
2025-04-09,438.0,444.0,420.0,440.0,440.0,1504200.0,Data is limited by one year as you have free subscription,BELI
2025-04-09,52.0,53.0,52.0,52.0,51.323,162400.0,Data is limited by one year as you have free subscription,BELL
2025-04-09,710.0,750.0,605.0,625.0,625.0,411000.0,Data is limited by one year as you have free subscription,BESS
2025-04-09,77.0,79.0,76.0,79.0,79.0,7741600.0,Data is limited by one year as you have free subscription,BEST
2025-04-09,755.0,785.0,745.0,775.0,714.046,2948800.0,Data is limited by one year as you have free subscription,BFIN
2025-04-09,70.0,72.0,70.0,71.0,71.0,5366400.0,Data is limited by one year as you have free subscription,BGTG
2025-04-09,505.0,505.0,446.0,505.0,505.0,762800.0,Data is limited by one year as you have free subscription,BHAT
2025-04-09,22.0,22.0,22.0,22.0,22.0,6925100.0,Data is limited by one year as you have free subscription,BHIT
2025-04-09,55.0,55.0,55.0,55.0,55.0,0.0,Data is limited by one year as you have free subscription,BIKA
2025-04-09,540.0,555.0,540.0,545.0,531.0256,1137600.0,Data is limited by one year as you have free subscription,BIKE
2025-04-09,56.0,56.0,51.0,51.0,51.0,417100.0,Data is limited by one year as you have free subscription,BIMA
2025-04-09,4270.0,4300.0,4170.0,4300.0,4300.0,33300.0,Data is limited by one year as you have free subscription,BINA
2025-04-09,113.0,117.0,110.0,114.0,114.0,1195900.0,Data is limited by one year as you have free subscription,BINO
2025-04-09,76.0,78.0,73.0,73.0,73.0,378498000.0,Data is limited by one year as you have free subscription,BIPI
2025-04-09,30.0,30.0,30.0,30.0,30.0,10200.0,Data is limited by one year as you have free subscription,BIPP
2025-04-09,1415.0,1435.0,1385.0,1390.0,1303.5751,2278400.0,Data is limited by one year as you have free subscription,BIRD
2025-04-09,965.0,1010.0,960.0,965.0,937.4286,83900.0,Data is limited by one year as you have free subscription,BISI
2025-04-09,775.0,800.0,775.0,780.0,710.3717,5623200.0,Data is limited by one year as you have free subscription,BJBR
2025-04-09,470.0,480.0,466.0,478.0,431.3011,5570100.0,Data is limited by one year as you have free subscription,BJTM
2025-04-09,33.0,37.0,33.0,37.0,37.0,1374500.0,Data is limited by one year as you have free subscription,BKDP
2025-04-09,61.0,65.0,60.0,61.0,61.0,60662900.0,Data is limited by one year as you have free subscription,BKSL
2025-04-09,50.0,52.0,50.0,51.0,51.0,682500.0,Data is limited by one year as you have free subscription,BKSW
2025-04-09,164.0,172.0,160.0,169.0,165.7465,1898100.0,Data is limited by one year as you have free subscription,BLES
2025-04-09,20.0,20.0,19.0,19.0,19.0,3773900.0,Data is limited by one year as you have free subscription,BLTA
2025-04-09,1800.0,1800.0,1800.0,1800.0,1800.0,0.0,Data is limited by one year as you have free subscription,BLTZ
2025-04-09,326.0,330.0,316.0,316.0,295.1149,29600.0,Data is limited by one year as you have free subscription,BLUE
2025-04-09,460.0,460.0,460.0,460.0,460.0,0.0,Data is limited by one year as you have free subscription,BMAS
2025-04-09,14.0,15.0,13.0,15.0,15.0,1353700.0,Data is limited by one year as you have free subscription,BMBL
2025-04-09,216.0,262.0,216.0,228.0,227.3825,1268300.0,Data is limited by one year as you have free subscription,BMHS
2025-04-09,4630.0,4790.0,4630.0,4710.0,4194.7232,316821100.0,Data is limited by one year as you have free subscription,BMRI
2025-04-09,260.0,292.0,260.0,266.0,266.0,60500.0,Data is limited by one year as you have free subscription,BMSR
2025-04-09,124.0,126.0,118.0,122.0,122.0,24898600.0,Data is limited by one year as you have free subscription,BMTR
2025-04-09,492.0,500.0,492.0,498.0,498.0,48800.0,Data is limited by one year as you have free subscription,BNBA
2025-04-09,28.0,28.0,27.0,27.0,27.0,4148800.0,Data is limited by one year as you have free subscription,BNBR
2025-04-09,1600.0,1645.0,1595.0,1630.0,1493.1591,5116600.0,Data is limited by one year as you have free subscription,BNGA
2025-04-09,179.0,182.0,178.0,181.0,175.5636,719400.0,Data is limited by one year as you have free subscription,BNII
2025-04-09,2290.0,2360.0,2240.0,2360.0,2327.0698,595600.0,Data is limited by one year as you have free subscription,BNLI
2025-04-09,95.0,97.0,85.0,88.0,88.0,5836600.0,Data is limited by one year as you have free subscription,BOAT
2025-04-09,143.0,155.0,143.0,152.0,145.7,12900.0,Data is limited by one year as you have free subscription,BOBA
2025-04-09,595.0,595.0,550.0,550.0,550.0,24433200.0,Data is limited by one year as you have free subscription,BOGA
2025-04-09,82.0,91.0,80.0,89.0,89.0,154400.0,Data is limited by one year as you have free subscription,BOLA
2025-04-09,1200.0,1205.0,1190.0,1200.0,1181.1765,504100.0,Data is limited by one year as you have free subscription,BOLT
2025-04-09,50.0,50.0,50.0,50.0,50.0,0.0,Data is limited by one year as you have free subscription,BOSS
2025-04-09,262.0,280.0,252.0,266.0,258.0761,32100.0,Data is limited by one year as you have free subscription,BPFI
2025-04-09,530.0,530.0,530.0,530.0,519.7951,207300.0,Data is limited by one year as you have free subscription,BPII
2025-04-09,72.0,72.0,61.0,62.0,62.0,546600.0,Data is limited by one year as you have free subscription,BPTR
2025-04-09,5700.0,5825.0,5700.0,5700.0,5700.0,2400.0,Data is limited by one year as you have free subscription,BRAM
2025-04-09,4700.0,4820.0,4170.0,4250.0,4250.0,24074500.0,Data is limited by one year as you have free subscription,BREN
2025-04-09,2040.0,2190.0,2030.0,2170.0,2153.2989,53765300.0,Data is limited by one year as you have free subscription,BRIS
2025-04-09,274.0,294.0,274.0,276.0,276.0,454917700.0,Data is limited by one year as you have free subscription,BRMS
2025-04-09,700.0,700.0,700.0,700.0,700.0,0.0,Data is limited by one year as you have free subscription,BRNA
2025-04-09,640.0,660.0,600.0,600.0,600.0,67819200.0,Data is limited by one year as you have free subscription,BRPT
2025-04-09,50.0,51.0,50.0,50.0,50.0,8413400.0,Data is limited by one year as you have free subscription,BRRC
2025-04-09,50.0,50.0,50.0,50.0,50.0,435600.0,Data is limited by one year as you have free subscription,BSBK
2025-04-09,725.0,745.0,720.0,730.0,730.0,8176000.0,Data is limited by one year as you have free subscription,BSDE
2025-04-09,840.0,855.0,840.0,855.0,855.0,6600.0,Data is limited by one year as you have free subscription,BSIM
2025-04-09,80.0,80.0,69.0,70.0,70.0,95082100.0,Data is limited by one year as you have free subscription,BSML
2025-04-09,3950.0,3970.0,3870.0,3920.0,3487.4634,1173700.0,Data is limited by one year as you have free subscription,BSSR
2025-04-09,1945.0,1945.0,1945.0,1945.0,1945.0,0.0,Data is limited by one year as you have free subscription,BSWD
2025-04-09,6.0,6.0,6.0,6.0,6.0,99604900.0,Data is limited by one year as you have free subscription,BTEK
2025-04-09,50.0,50.0,50.0,50.0,50.0,0.0,Data is limited by one year as you have free subscription,BTEL
2025-04-09,420.0,420.0,420.0,420.0,420.0,0.0,Data is limited by one year as you have free subscription,BTON
2025-04-09,1915.0,1920.0,1900.0,1915.0,1869.8213,6400.0,Data is limited by one year as you have free subscription,BTPN
2025-04-09,825.0,865.0,820.0,840.0,791.2408,4981700.0,Data is limited by one year as you have free subscription,BTPS
2025-04-09,1720.0,1735.0,1715.0,1725.0,837.1558,250600.0,Data is limited by one year as you have free subscription,BUAH
2025-04-09,188.0,188.0,186.0,188.0,180.7181,7800.0,Data is limited by one year as you have free subscription,BUDI
2025-04-09,126.0,129.0,123.0,124.0,124.0,357481300.0,Data is limited by one year as you have free subscription,BUKA
2025-04-09,755.0,755.0,745.0,745.0,745.0,13600.0,Data is limited by one year as you have free subscription,BUKK
2025-04-09,106.0,113.0,104.0,112.0,112.0,236315500.0,Data is limited by one year as you have free subscription,BULL
2025-04-09,80.0,83.0,75.0,77.0,77.0,622188000.0,Data is limited by one year as you have free subscription,BUMI
2025-04-09,62.0,64.0,61.0,62.0,62.0,7838300.0,Data is limited by one year as you have free subscription,BUVA
2025-04-09,78.0,79.0,75.0,76.0,76.0,2716100.0,Data is limited by one year as you have free subscription,BVIC
2025-04-09,54.0,54.0,50.0,51.0,51.0,49079500.0,Data is limited by one year as you have free subscription,BWPT
2025-04-09,19875.0,20000.0,19875.0,20000.0,19803.1919,51400.0,Data is limited by one year as you have free subscription,BYAN
2025-04-09,129.0,129.0,119.0,121.0,121.0,1289400.0,Data is limited by one year as you have free subscription,CAKK
2025-04-09,140.0,156.0,140.0,150.0,150.0,12535600.0,Data is limited by one year as you have free subscription,CAMP
2025-04-09,37.0,37.0,37.0,37.0,37.0,10200.0,Data is limited by one year as you have free subscription,CANI
2025-04-09,202.0,202.0,191.0,191.0,191.0,12428600.0,Data is limited by one year as you have free subscription,CARE
2025-04-09,86.0,86.0,83.0,85.0,85.0,2292800.0,Data is limited by one year as you have free subscription,CARS
2025-04-09,745.0,750.0,715.0,745.0,745.0,130551800.0,Data is limited by one year as you have free subscription,CASA
2025-04-09,54.0,54.0,53.0,53.0,53.0,72200.0,Data is limited by one year as you have free subscription,CASH
2025-04-09,1740.0,1775.0,1730.0,1770.0,1770.0,970500.0,Data is limited by one year as you have free subscription,CASS
2025-04-09,5000.0,5150.0,4750.0,4990.0,4986.0553,10219200.0,Data is limited by one year as you have free subscription,CBDK
2025-04-09,50.0,50.0,50.0,50.0,50.0,0.0,Data is limited by one year as you have free subscription,CBMF
2025-04-09,193.0,193.0,179.0,190.0,188.9674,758300.0,Data is limited by one year as you have free subscription,CBPE
2025-04-09,22.0,22.0,22.0,22.0,22.0,3105500.0,Data is limited by one year as you have free subscription,CBRE
2025-04-09,995.0,995.0,995.0,995.0,995.0,0.0,Data is limited by one year as you have free subscription,CBUT
2025-04-09,338.0,390.0,338.0,362.0,362.0,662900.0,Data is limited by one year as you have free subscription,CCSI
2025-04-09,2030.0,2080.0,1990.0,2020.0,1920.6557,38500.0,Data is limited by one year as you have free subscription,CEKA
2025-04-09,51.0,58.0,50.0,58.0,58.0,12017900.0,Data is limited by one year as you have free subscription,CENT
2025-04-09,272.0,274.0,270.0,272.0,237.8291,1832800.0,Data is limited by one year as you have free subscription,CFIN
2025-04-09,78.0,80.0,76.0,77.0,74.8293,865000.0,Data is limited by one year as you have free subscription,CGAS
2025-04-09,50.0,51.0,50.0,51.0,50.286,1332700.0,Data is limited by one year as you have free subscription,CHEM
2025-04-09,1380.0,1395.0,1380.0,1395.0,1392.8758,74600.0,Data is limited by one year as you have free subscription,CHIP
2025-04-09,138.0,146.0,136.0,137.0,130.2843,82000.0,Data is limited by one year as you have free subscription,CINT
2025-04-09,2930.0,3100.0,2930.0,3070.0,2840.1005,9800.0,Data is limited by one year as you have free subscription,CITA
2025-04-09,70.0,75.0,67.0,73.0,73.0,271100.0,Data is limited by one year as you have free subscription,CITY
2025-04-09,720.0,730.0,720.0,730.0,730.0,204900.0,Data is limited by one year as you have free subscription,CLAY
2025-04-09,1285.0,1400.0,1260.0,1340.0,665.5921,23029400.0,Data is limited by one year as you have free subscription,CLEO
2025-04-09,1020.0,1035.0,1015.0,1015.0,894.7463,273200.0,Data is limited by one year as you have free subscription,CLPI
2025-04-09,1400.0,1540.0,1380.0,1440.0,1440.0,1055600.0,Data is limited by one year as you have free subscription,CMNP
2025-04-09,890.0,895.0,845.0,890.0,890.0,8502700.0,Data is limited by one year as you have free subscription,CMNT
2025-04-09,78.0,78.0,78.0,78.0,78.0,21700.0,Data is limited by one year as you have free subscription,CMPP
2025-04-09,4330.0,4400.0,4220.0,4310.0,4092.6261,2024200.0,Data is limited by one year as you have free subscription,CMRY
2025-04-09,34.0,38.0,34.0,36.0,36.0,45140800.0,Data is limited by one year as you have free subscription,CNKO
2025-04-09,116.0,118.0,110.0,112.0,103.5673,16722300.0,Data is limited by one year as you have free subscription,CNMA
2025-04-09,250.0,250.0,250.0,250.0,250.0,0.0,Data is limited by one year as you have free subscription,CNTB
2025-04-09,142.0,142.0,142.0,142.0,142.0,0.0,Data is limited by one year as you have free subscription,CNTX
2025-04-09,37.0,37.0,37.0,37.0,37.0,836500.0,Data is limited by one year as you have free subscription,COAL
2025-04-09,66.0,68.0,65.0,66.0,66.0,245100.0,Data is limited by one year as you have free subscription,COCO
2025-04-09,50.0,50.0,50.0,50.0,50.0,0.0,Data is limited by one year as you have free subscription,COWL
2025-04-09,3980.0,4240.0,3980.0,4050.0,3960.5521,8359700.0,Data is limited by one year as you have free subscription,CPIN
2025-04-09,50.0,50.0,50.0,50.0,50.0,0.0,Data is limited by one year as you have free subscription,CPRI
2025-04-09,50.0,50.0,50.0,50.0,50.0,265800.0,Data is limited by one year as you have free subscription,CPRO
2025-04-09,240.0,244.0,240.0,240.0,237.9661,1258200.0,Data is limited by one year as you have free subscription,CRAB
2025-04-09,108.0,109.0,105.0,109.0,109.0,204400.0,Data is limited by one year as you have free subscription,CRSN
2025-04-09,390.0,390.0,386.0,386.0,375.7172,4400.0,Data is limited by one year as you have free subscription,CSAP
2025-04-09,77.0,80.0,62.0,65.0,65.0,519000.0,Data is limited by one year as you have free subscription,CSIS
2025-04-09,2250.0,2480.0,2250.0,2480.0,2480.0,30800.0,Data is limited by one year as you have free subscription,CSMI
2025-04-09,670.0,675.0,660.0,670.0,659.9086,184900.0,Data is limited by one year as you have free subscription,CSRA
2025-04-09,2430.0,2430.0,2430.0,2430.0,2285.6975,7200.0,Data is limited by one year as you have free subscription,CTBN
2025-04-09,700.0,750.0,700.0,745.0,725.6703,29958900.0,Data is limited by one year as you have free subscription,CTRA
2025-04-09,25.0,25.0,25.0,25.0,25.0,500.0,Data is limited by one year as you have free subscription,CTTH
2025-04-09,5250.0,5625.0,4730.0,4740.0,473.8007,158339000.0,Data is limited by one year as you have free subscription,CUAN
2025-04-09,740.0,770.0,715.0,730.0,730.0,25812900.0,Data is limited by one year as you have free subscription,CYBR
2025-04-09,3000.0,3000.0,2610.0,2670.0,2670.0,3024800.0,Data is limited by one year as you have free subscription,DAAZ
2025-04-09,7.0,7.0,7.0,7.0,6.9864,3975400.0,Data is limited by one year as you have free subscription,DADA
2025-04-09,123.0,130.0,118.0,125.0,125.0,15900.0,Data is limited by one year as you have free subscription,DART
2025-04-09,1030.0,1085.0,1015.0,1055.0,1055.0,8330600.0,Data is limited by one year as you have free subscription,DATA
2025-04-09,920.0,920.0,920.0,920.0,920.0,600.0,Data is limited by one year as you have free subscription,DAYA
2025-04-09,149975.0,159775.0,149500.0,153000.0,153000.0,9900.0,Data is limited by one year as you have free subscription,DCII
2025-04-09,6.0,6.0,6.0,6.0,6.0,0.0,Data is limited by one year as you have free subscription,DEAL
2025-04-09,1455.0,1455.0,1455.0,1455.0,1455.0,0.0,Data is limited by one year as you have free subscription,DEFI
2025-04-09,224.0,224.0,216.0,224.0,219.52,18200.0,Data is limited by one year as you have free subscription,DEPO
2025-04-09,88.0,93.0,83.0,86.0,86.0,262965400.0,Data is limited by one year as you have free subscription,DEWA
2025-04-09,90.0,92.0,88.0,92.0,92.0,57480200.0,Data is limited by one year as you have free subscription,DEWI
2025-04-09,50.0,50.0,50.0,50.0,50.0,100.0,Data is limited by one year as you have free subscription,DFAM
2025-04-09,65.0,65.0,62.0,63.0,63.0,3036000.0,Data is limited by one year as you have free subscription,DGIK
2025-04-09,130.0,134.0,129.0,130.0,130.0,889100.0,Data is limited by one year as you have free subscription,DGNS
2025-04-09,360.0,394.0,350.0,384.0,368.0654,30114100.0,Data is limited by one year as you have free subscription,DGWG
2025-04-09,15.0,16.0,15.0,16.0,16.0,349200.0,Data is limited by one year as you have free subscription,DIGI
2025-04-09,113.0,116.0,111.0,112.0,112.0,8799500.0,Data is limited by one year as you have free subscription,DILD
2025-04-09,72.0,84.0,70.0,73.0,73.0,3128600.0,Data is limited by one year as you have free subscription,DIVA
2025-04-09,189.0,200.0,189.0,189.0,178.7627,250511700.0,Data is limited by one year as you have free subscription,DKFT
2025-04-09,1920.0,1925.0,1875.0,1920.0,1774.5198,42700.0,Data is limited by one year as you have free subscription,DLTA
2025-04-09,130.0,132.0,129.0,131.0,109.4148,18884700.0,Data is limited by one year as you have free subscription,DMAS
2025-04-09,326.0,338.0,326.0,332.0,332.0,5130800.0,Data is limited by one year as you have free subscription,DMMX
2025-04-09,780.0,780.0,780.0,780.0,771.122,0.0,Data is limited by one year as you have free subscription,DMND
2025-04-09,82.0,87.0,78.0,86.0,86.0,1261500.0,Data is limited by one year as you have free subscription,DNAR
2025-04-09,9500.0,9500.0,9100.0,9475.0,9470.1034,15900.0,Data is limited by one year as you have free subscription,DNET
2025-04-09,340.0,374.0,340.0,360.0,360.0,8764500.0,Data is limited by one year as you have free subscription,DOID
2025-04-09,73.0,80.0,72.0,73.0,73.0,122173600.0,Data is limited by one year as you have free subscription,DOOH
2025-04-09,111.0,114.0,104.0,104.0,101.4675,1498500.0,Data is limited by one year as you have free subscription,DOSS
2025-04-09,188.0,191.0,188.0,191.0,187.2402,159500.0,Data is limited by one year as you have free subscription,DPNS
2025-04-09,50.0,51.0,50.0,50.0,50.0,102000.0,Data is limited by one year as you have free subscription,DPUM
2025-04-09,905.0,915.0,880.0,890.0,851.5377,169900.0,Data is limited by one year as you have free subscription,DRMA
2025-04-09,50.0,50.0,50.0,50.0,50.0,697700.0,Data is limited by one year as you have free subscription,DSFI
2025-04-09,705.0,710.0,670.0,710.0,710.0,21929000.0,Data is limited by one year as you have free subscription,DSNG
2025-04-09,40125.0,40400.0,38400.0,40225.0,40225.0,3707200.0,Data is limited by one year as you have free subscription,DSSA
2025-04-09,176.0,176.0,176.0,176.0,176.0,0.0,Data is limited by one year as you have free subscription,DUCK
2025-04-09,3250.0,3250.0,3250.0,3250.0,3250.0,300.0,Data is limited by one year as you have free subscription,DUTI
2025-04-09,1370.0,1400.0,1370.0,1385.0,1295.4444,19000.0,Data is limited by one year as you have free subscription,DVLA
2025-04-09,188.0,204.0,187.0,194.0,194.0,188700.0,Data is limited by one year as you have free subscription,DWGL
2025-04-09,76.0,78.0,68.0,75.0,75.0,1716500.0,Data is limited by one year as you have free subscription,DYAN
2025-04-09,94.0,97.0,88.0,97.0,89.7002,1221000.0,Data is limited by one year as you have free subscription,EAST
2025-04-09,168.0,185.0,168.0,172.0,172.0,620500.0,Data is limited by one year as you have free subscription,ECII
2025-04-09,3750.0,4000.0,3730.0,3790.0,3790.0,66800.0,Data is limited by one year as you have free subscription,EDGE
2025-04-09,176.0,180.0,173.0,177.0,168.7887,69000.0,Data is limited by one year as you have free subscription,EKAD
2025-04-09,151.0,175.0,145.0,161.0,156.0613,48038100.0,Data is limited by one year as you have free subscription,ELIT
2025-04-09,340.0,352.0,328.0,350.0,333.7445,375200.0,Data is limited by one year as you have free subscription,ELPI
2025-04-09,364.0,396.0,364.0,390.0,359.1237,24441500.0,Data is limited by one year as you have free subscription,ELSA
2025-04-09,9.0,10.0,9.0,9.0,9.0,5681900.0,Data is limited by one year as you have free subscription,ELTY
2025-04-09,93.0,97.0,81.0,83.0,83.0,2508000.0,Data is limited by one year as you have free subscription,EMDE
2025-04-09,470.0,492.0,470.0,480.0,451.4571,35840200.0,Data is limited by one year as you have free subscription,EMTK
2025-04-09,670.0,670.0,645.0,655.0,655.0,291500.0,Data is limited by one year as you have free subscription,ENAK
2025-04-09,156.0,160.0,153.0,159.0,159.0,30011400.0,Data is limited by one year as you have free subscription,ENRG
2025-04-09,50.0,50.0,50.0,50.0,50.0,0.0,Data is limited by one year as you have free subscription,ENVY
2025-04-09,34.0,34.0,32.0,33.0,33.0,266100.0,Data is limited by one year as you have free subscription,ENZO
2025-04-09,9.0,9.0,9.0,9.0,9.0,1846500.0,Data is limited by one year as you have free subscription,EPAC
2025-04-09,2110.0,2170.0,2090.0,2150.0,2000.2529,35500.0,Data is limited by one year as you have free subscription,EPMT
2025-04-09,348.0,356.0,336.0,344.0,344.0,60379100.0,Data is limited by one year as you have free subscription,ERAA
2025-04-09,238.0,242.0,232.0,232.0,232.0,5069500.0,Data is limited by one year as you have free subscription,ERAL
2025-04-09,79.0,79.0,73.0,78.0,78.0,550600.0,Data is limited by one year as you have free subscription,ERTX
2025-04-09,21.0,21.0,21.0,21.0,20.9045,24400.0,Data is limited by one year as you have free subscription,ESIP
2025-04-09,535.0,580.0,530.0,580.0,570.8661,15474500.0,Data is limited by one year as you have free subscription,ESSA
2025-04-09,71.0,74.0,71.0,72.0,72.0,119900.0,Data is limited by one year as you have free subscription,ESTA
2025-04-09,36.0,36.0,36.0,36.0,36.0,800.0,Data is limited by one year as you have free subscription,ESTI
2025-04-09,70.0,70.0,70.0,70.0,70.0,0.0,Data is limited by one year as you have free subscription,ETWA
2025-04-09,144.0,144.0,138.0,139.0,137.8968,55600.0,Data is limited by one year as you have free subscription,EURO
2025-04-09,2170.0,2300.0,2170.0,2250.0,2042.1376,40348600.0,Data is limited by one year as you have free subscription,EXCL
2025-04-09,5200.0,5225.0,5200.0,5225.0,5225.0,11200.0,Data is limited by one year as you have free subscription,FAPA
2025-04-09,182.0,189.0,178.0,189.0,189.0,86100.0,Data is limited by one year as you have free subscription,FAST
2025-04-09,5450.0,5450.0,5450.0,5450.0,5450.0,0.0,Data is limited by one year as you have free subscription,FASW
2025-04-09,2060.0,2400.0,2060.0,2060.0,2060.0,3383500.0,Data is limited by one year as you have free subscription,FILM
2025-04-09,99.0,107.0,99.0,107.0,107.0,600.0,Data is limited by one year as you have free subscription,FIMP
2025-04-09,66.0,69.0,65.0,67.0,67.0,1314700.0,Data is limited by one year as you have free subscription,FIRE
2025-04-09,103500.0,103500.0,103500.0,103500.0,10200.0,0.0,Data is limited by one year as you have free subscription,FISH
2025-04-09,148.0,148.0,143.0,143.0,143.0,2184700.0,Data is limited by one year as you have free subscription,FITT
2025-04-09,34.0,37.0,32.0,37.0,37.0,106700.0,Data is limited by one year as you have free subscription,FLMC
2025-04-09,288.0,300.0,286.0,292.0,292.0,133600.0,Data is limited by one year as you have free subscription,FMII
2025-04-09,50.0,50.0,50.0,50.0,50.0,5200.0,Data is limited by one year as you have free subscription,FOLK
2025-04-09,110.0,110.0,110.0,110.0,110.0,50000.0,Data is limited by one year as you have free subscription,FOOD
2025-04-09,670.0,670.0,670.0,670.0,670.0,1076900.0,Data is limited by one year as you have free subscription,FORU
2025-04-09,172.0,172.0,167.0,172.0,172.0,746100.0,Data is limited by one year as you have free subscription,FPNI
2025-04-09,316.0,338.0,316.0,338.0,338.0,1800.0,Data is limited by one year as you have free subscription,FUJI
2025-04-09,74.0,74.0,68.0,68.0,68.0,10359200.0,Data is limited by one year as you have free subscription,FUTR
2025-04-09,167.0,182.0,147.0,167.0,158.268,3112500.0,Data is limited by one year as you have free subscription,FWCT
2025-04-09,18.0,18.0,18.0,18.0,18.0,0.0,Data is limited by one year as you have free subscription,GAMA
2025-04-09,75.0,75.0,74.0,75.0,73.5902,1215300.0,Data is limited by one year as you have free subscription,GDST
2025-04-09,1150.0,1180.0,1050.0,1050.0,1050.0,15100.0,Data is limited by one year as you have free subscription,GDYR
2025-04-09,123.0,164.0,123.0,126.0,122.0625,189800.0,Data is limited by one year as you have free subscription,GEMA
2025-04-09,7800.0,7925.0,7700.0,7750.0,7280.0681,64500.0,Data is limited by one year as you have free subscription,GEMS
2025-04-09,9000.0,9025.0,8600.0,8975.0,8488.5501,1100400.0,Data is limited by one year as you have free subscription,GGRM
2025-04-09,194.0,194.0,194.0,194.0,194.0,0.0,Data is limited by one year as you have free subscription,GGRP
2025-04-09,1445.0,1460.0,1445.0,1455.0,1455.0,2700.0,Data is limited by one year as you have free subscription,GHON
2025-04-09,36.0,37.0,35.0,37.0,37.0,15328100.0,Data is limited by one year as you have free subscription,GIAA
2025-04-09,905.0,925.0,880.0,885.0,845.3139,13406200.0,Data is limited by one year as you have free subscription,GJTL
2025-04-09,95.0,95.0,95.0,95.0,95.0,0.0,Data is limited by one year as you have free subscription,GLOB
2025-04-09,294.0,312.0,294.0,312.0,298.7045,5600.0,Data is limited by one year as you have free subscription,GLVA
2025-04-09,42.0,45.0,42.0,45.0,45.0,1764400.0,Data is limited by one year as you have free subscription,GMFI
2025-04-09,2260.0,2360.0,2260.0,2300.0,2300.0,500.0,Data is limited by one year as you have free subscription,GMTD
2025-04-09,240.0,246.0,240.0,244.0,244.0,4200.0,Data is limited by one year as you have free subscription,GOLD
2025-04-09,186.0,189.0,183.0,187.0,186.4259,2836100.0,Data is limited by one year as you have free subscription,GOLF
2025-04-09,50.0,50.0,50.0,50.0,50.0,0.0,Data is limited by one year as you have free subscription,GOLL
2025-04-09,344.0,350.0,330.0,344.0,335.445,593100.0,Data is limited by one year as you have free subscription,GOOD
2025-04-09,69.0,74.0,67.0,67.0,67.0,4370283500.0,Data is limited by one year as you have free subscription,GOTO
2025-04-09,80.0,80.0,78.0,79.0,75.8898,2519700.0,Data is limited by one year as you have free subscription,GPRA
2025-04-09,322.0,330.0,278.0,316.0,316.0,2652500.0,Data is limited by one year as you have free subscription,GPSO
2025-04-09,86.0,88.0,84.0,88.0,88.0,43400.0,Data is limited by one year as you have free subscription,GRIA
2025-04-09,50.0,50.0,50.0,50.0,50.0,112600.0,Data is limited by one year as you have free subscription,GRPH
2025-04-09,43.0,46.0,42.0,44.0,43.1538,2462700.0,Data is limited by one year as you have free subscription,GRPM
2025-04-09,53.0,53.0,52.0,53.0,53.0,30300.0,Data is limited by one year as you have free subscription,GSMF
2025-04-09,119.0,123.0,116.0,119.0,119.0,28000.0,Data is limited by one year as you have free subscription,GTBO
2025-04-09,94.0,94.0,82.0,87.0,87.0,389500.0,Data is limited by one year as you have free subscription,GTRA
2025-04-09,35.0,36.0,35.0,36.0,36.0,556800.0,Data is limited by one year as you have free subscription,GTSI
2025-04-09,280.0,288.0,280.0,280.0,280.0,439000.0,Data is limited by one year as you have free subscription,GULA
2025-04-09,260.0,262.0,240.0,240.0,240.0,477000.0,Data is limited by one year as you have free subscription,GUNA
2025-04-09,121.0,121.0,117.0,118.0,118.0,90900.0,Data is limited by one year as you have free subscription,GWSA
2025-04-09,87.0,90.0,84.0,87.0,87.0,6458800.0,Data is limited by one year as you have free subscription,GZCO
2025-04-09,6.0,7.0,6.0,6.0,6.0,5793100.0,Data is limited by one year as you have free subscription,HADE
2025-04-09,194.0,198.0,194.0,197.0,174.5053,11219800.0,Data is limited by one year as you have free subscription,HAIS
2025-04-09,175.0,185.0,170.0,180.0,180.0,1934200.0,Data is limited by one year as you have free subscription,HAJJ
2025-04-09,50.0,50.0,50.0,50.0,50.0,703200.0,Data is limited by one year as you have free subscription,HALO
2025-04-09,258.0,258.0,252.0,258.0,258.0,34506700.0,Data is limited by one year as you have free subscription,HATM
2025-04-09,40.0,40.0,38.0,40.0,40.0,2500.0,Data is limited by one year as you have free subscription,HBAT
2025-04-09,99.0,105.0,96.0,104.0,104.0,23400.0,Data is limited by one year as you have free subscription,HDFA
2025-04-09,18.0,18.0,18.0,18.0,18.0,330300.0,Data is limited by one year as you have free subscription,HDIT
2025-04-09,995.0,995.0,935.0,990.0,981.9105,21029900.0,Data is limited by one year as you have free subscription,HEAL
2025-04-09,183.0,230.0,183.0,188.0,188.0,83400.0,Data is limited by one year as you have free subscription,HELI
2025-04-09,418.0,418.0,382.0,410.0,410.0,15900.0,Data is limited by one year as you have free subscription,HERO
2025-04-09,3940.0,3960.0,3930.0,3950.0,3630.11,304300.0,Data is limited by one year as you have free subscription,HEXA
2025-04-09,145.0,147.0,134.0,147.0,146.3609,11303600.0,Data is limited by one year as you have free subscription,HGII
2025-04-09,322.0,332.0,320.0,320.0,320.0,22183800.0,Data is limited by one year as you have free subscription,HILL
2025-04-09,116.0,116.0,116.0,116.0,116.0,0.0,Data is limited by one year as you have free subscription,HITS
2025-04-09,50.0,50.0,50.0,50.0,50.0,0.0,Data is limited by one year as you have free subscription,HKMU
2025-04-09,510.0,545.0,505.0,535.0,489.7865,30102700.0,Data is limited by one year as you have free subscription,HMSP
2025-04-09,70.0,74.0,69.0,70.0,69.2632,4542600.0,Data is limited by one year as you have free subscription,HOKI
2025-04-09,50.0,50.0,50.0,50.0,50.0,0.0,Data is limited by one year as you have free subscription,HOME
2025-04-09,256.0,280.0,238.0,238.0,238.0,106300.0,Data is limited by one year as you have free subscription,HOMI
2025-04-09,41.0,41.0,41.0,41.0,41.0,272900.0,Data is limited by one year as you have free subscription,HOPE
2025-04-09,50.0,50.0,50.0,50.0,50.0,0.0,Data is limited by one year as you have free subscription,HOTL
2025-04-09,25.0,26.0,25.0,25.0,25.0,88800.0,Data is limited by one year as you have free subscription,HRME
2025-04-09,472.0,488.0,464.0,482.0,465.8048,25532200.0,Data is limited by one year as you have free subscription,HRTA
2025-04-09,615.0,620.0,585.0,605.0,605.0,14787300.0,Data is limited by one year as you have free subscription,HRUM
2025-04-09,50.0,50.0,50.0,50.0,49.0385,1939600.0,Data is limited by one year as you have free subscription,HUMI
2025-04-09,117.0,121.0,111.0,121.0,121.0,903100.0,Data is limited by one year as you have free subscription,HYGN
2025-04-09,45.0,45.0,42.0,42.0,42.0,4301600.0,Data is limited by one year as you have free subscription,IATA
2025-04-09,11.0,11.0,11.0,11.0,11.0,64400.0,Data is limited by one year as you have free subscription,IBFN
2025-04-09,32.0,32.0,30.0,31.0,31.0,868000.0,Data is limited by one year as you have free subscription,IBOS
2025-04-09,4940.0,4940.0,4940.0,4940.0,4940.0,0.0,Data is limited by one year as you have free subscription,IBST
2025-04-09,9700.0,10075.0,9450.0,9575.0,9349.7059,6675700.0,Data is limited by one year as you have free subscription,ICBP
2025-04-09,33.0,33.0,32.0,32.0,32.0,16100.0,Data is limited by one year as you have free subscription,ICON
2025-04-09,39.0,43.0,39.0,40.0,39.1858,263400.0,Data is limited by one year as you have free subscription,IDEA
2025-04-09,169.0,172.0,158.0,158.0,153.9067,135900.0,Data is limited by one year as you have free subscription,IDPR
2025-04-09,214.0,220.0,208.0,210.0,200.9,218500.0,Data is limited by one year as you have free subscription,IFII
2025-04-09,730.0,730.0,680.0,710.0,697.5631,4900.0,Data is limited by one year as you have free subscription,IFSH
2025-04-09,510.0,510.0,492.0,496.0,496.0,35300.0,Data is limited by one year as you have free subscription,IGAR
2025-04-09,50.0,50.0,50.0,50.0,50.0,0.0,Data is limited by one year as you have free subscription,IIKP
2025-04-09,8.0,8.0,7.0,7.0,7.0,1102400.0,Data is limited by one year as you have free subscription,IKAI
2025-04-09,161.0,161.0,161.0,161.0,161.0,2458500.0,Data is limited by one year as you have free subscription,IKAN
2025-04-09,328.0,358.0,320.0,342.0,326.0841,15600.0,Data is limited by one year as you have free subscription,IKBI
2025-04-09,214.0,214.0,202.0,206.0,206.0,27000.0,Data is limited by one year as you have free subscription,IKPM
2025-04-09,745.0,775.0,745.0,755.0,751.225,91900.0,Data is limited by one year as you have free subscription,IMAS
2025-04-09,153.0,156.0,149.0,150.0,149.6948,4710300.0,Data is limited by one year as you have free subscription,IMJS
2025-04-09,294.0,296.0,290.0,294.0,294.0,7445500.0,Data is limited by one year as you have free subscription,IMPC
2025-04-09,126.0,126.0,126.0,126.0,126.0,0.0,Data is limited by one year as you have free subscription,INAF
2025-04-09,152.0,157.0,150.0,151.0,151.0,115500.0,Data is limited by one year as you have free subscription,INAI
2025-04-09,20.0,20.0,19.0,19.0,19.0,690400.0,Data is limited by one year as you have free subscription,INCF
2025-04-09,540.0,575.0,530.0,550.0,518.9516,29400.0,Data is limited by one year as you have free subscription,INCI
2025-04-09,1895.0,1920.0,1825.0,1840.0,1812.5991,40803800.0,Data is limited by one year as you have free subscription,INCO
2025-04-09,7100.0,7175.0,6675.0,6675.0,6447.0732,13927700.0,Data is limited by one year as you have free subscription,INDF
2025-04-09,131.0,136.0,130.0,131.0,131.0,913000.0,Data is limited by one year as you have free subscription,INDO
2025-04-09,2160.0,2180.0,2000.0,2000.0,2000.0,53400.0,Data is limited by one year as you have free subscription,INDR
2025-04-09,206.0,210.0,200.0,204.0,197.3659,621100.0,Data is limited by one year as you have free subscription,INDS
2025-04-09,73.0,73.0,69.0,72.0,72.0,257200.0,Data is limited by one year as you have free subscription,INDX
2025-04-09,995.0,1015.0,905.0,905.0,895.1669,34164200.0,Data is limited by one year as you have free subscription,INDY
2025-04-09,87.0,94.0,85.0,87.0,86.9578,31875900.0,Data is limited by one year as you have free subscription,INET
2025-04-09,4460.0,4540.0,4290.0,4350.0,4312.6609,11643900.0,Data is limited by one year as you have free subscription,INKP
2025-04-09,81.0,86.0,81.0,83.0,83.0,309800.0,Data is limited by one year as you have free subscription,INOV
2025-04-09,126.0,129.0,119.0,122.0,122.0,7677000.0,Data is limited by one year as you have free subscription,INPC
2025-04-09,905.0,905.0,905.0,905.0,892.5008,0.0,Data is limited by one year as you have free subscription,INPP
2025-04-09,100.0,103.0,100.0,102.0,102.0,237100.0,Data is limited by one year as you have free subscription,INPS
2025-04-09,344.0,388.0,344.0,388.0,388.0,25400.0,Data is limited by one year as you have free subscription,INRU
2025-04-09,10.0,10.0,10.0,10.0,10.0,1109900.0,Data is limited by one year as you have free subscription,INTA
2025-04-09,173.0,191.0,172.0,191.0,191.0,18200.0,Data is limited by one year as you have free subscription,INTD
2025-04-09,4490.0,4930.0,4470.0,4860.0,4635.225,6895800.0,Data is limited by one year as you have free subscription,INTP
2025-04-09,121.0,126.0,113.0,120.0,120.0,67611200.0,Data is limited by one year as you have free subscription,IOTF
2025-04-09,164.0,164.0,164.0,164.0,164.0,19600.0,Data is limited by one year as you have free subscription,IPAC
2025-04-09,735.0,755.0,735.0,740.0,677.8453,2200700.0,Data is limited by one year as you have free subscription,IPCC
2025-04-09,248.0,250.0,246.0,250.0,228.9914,325100.0,Data is limited by one year as you have free subscription,IPCM
2025-04-09,118.0,118.0,116.0,116.0,116.0,4200.0,Data is limited by one year as you have free subscription,IPOL
2025-04-09,14.0,14.0,14.0,14.0,14.0,0.0,Data is limited by one year as you have free subscription,IPPE
2025-04-09,18.0,19.0,18.0,19.0,19.0,2793000.0,Data is limited by one year as you have free subscription,IPTV
2025-04-09,374.0,380.0,370.0,376.0,376.0,817400.0,Data is limited by one year as you have free subscription,IRRA
2025-04-09,22.0,22.0,22.0,22.0,22.0,739600.0,Data is limited by one year as you have free subscription,IRSX
2025-04-09,10.0,11.0,9.0,9.0,9.0,6550600.0,Data is limited by one year as you have free subscription,ISAP
2025-04-09,1255.0,1365.0,1255.0,1350.0,1350.0,56227700.0,Data is limited by one year as you have free subscription,ISAT
2025-04-09,50.0,50.0,50.0,50.0,50.0,65300.0,Data is limited by one year as you have free subscription,ISEA
2025-04-09,248.0,254.0,246.0,246.0,234.2857,3266700.0,Data is limited by one year as you have free subscription,ISSP
2025-04-09,220.0,220.0,202.0,216.0,216.0,286600.0,Data is limited by one year as you have free subscription,ITIC
2025-04-09,795.0,825.0,770.0,825.0,825.0,18539700.0,Data is limited by one year as you have free subscription,ITMA
2025-04-09,21900.0,22850.0,21850.0,22775.0,19815.3031,3290600.0,Data is limited by one year as you have free subscription,ITMG
2025-04-09,330.0,342.0,322.0,328.0,323.2724,5249000.0,Data is limited by one year as you have free subscription,JARR
2025-04-09,53.0,57.0,53.0,54.0,54.0,309900.0,Data is limited by one year as you have free subscription,JAST
2025-04-09,50.0,50.0,50.0,50.0,49.8703,7800.0,Data is limited by one year as you have free subscription,JATI
2025-04-09,87.0,87.0,82.0,84.0,84.0,278100.0,Data is limited by one year as you have free subscription,JAWA
2025-04-09,82.0,86.0,81.0,82.0,77.7732,591100.0,Data is limited by one year as you have free subscription,JAYA
2025-04-09,765.0,765.0,700.0,700.0,692.1788,18500.0,Data is limited by one year as you have free subscription,JECC
2025-04-09,7.0,7.0,7.0,7.0,7.0,262800.0,Data is limited by one year as you have free subscription,JGLE
2025-04-09,540.0,580.0,492.0,500.0,500.0,2768200.0,Data is limited by one year as you have free subscription,JIHD
2025-04-09,62.0,65.0,60.0,63.0,63.0,1946800.0,Data is limited by one year as you have free subscription,JKON
2025-04-09,124.0,135.0,124.0,130.0,130.0,16000.0,Data is limited by one year as you have free subscription,JMAS
2025-04-09,1885.0,1950.0,1860.0,1880.0,1810.9186,32300500.0,Data is limited by one year as you have free subscription,JPFA
2025-04-09,715.0,720.0,690.0,720.0,720.0,207300.0,Data is limited by one year as you have free subscription,JRPT
2025-04-09,52.0,52.0,52.0,52.0,52.0,0.0,Data is limited by one year as you have free subscription,JSKY
2025-04-09,3710.0,3870.0,3690.0,3850.0,3705.7596,3360700.0,Data is limited by one year as you have free subscription,JSMR
2025-04-09,6100.0,6500.0,5200.0,5600.0,5577.7114,59900.0,Data is limited by one year as you have free subscription,JSPT
2025-04-09,212.0,214.0,210.0,214.0,199.6772,1799000.0,Data is limited by one year as you have free subscription,JTPE
2025-04-09,382.0,398.0,382.0,384.0,384.0,351100.0,Data is limited by one year as you have free subscription,KAEF
2025-04-09,50.0,50.0,50.0,50.0,50.0,666100.0,Data is limited by one year as you have free subscription,KAQI
2025-04-09,815.0,840.0,815.0,830.0,830.0,300100.0,Data is limited by one year as you have free subscription,KARW
2025-04-09,18.0,18.0,18.0,18.0,18.0,0.0,Data is limited by one year as you have free subscription,KAYU
2025-04-09,35.0,36.0,35.0,36.0,36.0,6123200.0,Data is limited by one year as you have free subscription,KBAG
2025-04-09,382.0,382.0,362.0,382.0,382.0,811200.0,Data is limited by one year as you have free subscription,KBLI
2025-04-09,262.0,272.0,260.0,270.0,252.6923,164000.0,Data is limited by one year as you have free subscription,KBLM
2025-04-09,97.0,120.0,92.0,120.0,120.0,7598800.0,Data is limited by one year as you have free subscription,KBLV
2025-04-09,50.0,50.0,50.0,50.0,50.0,0.0,Data is limited by one year as you have free subscription,KBRI
2025-04-09,406.0,406.0,406.0,406.0,374.4412,0.0,Data is limited by one year as you have free subscription,KDSI
2025-04-09,120.0,121.0,120.0,121.0,120.0976,60300.0,Data is limited by one year as you have free subscription,KDTN
2025-04-09,650.0,665.0,645.0,650.0,650.0,2255400.0,Data is limited by one year as you have free subscription,KEEN
2025-04-09,525.0,550.0,515.0,520.0,509.0968,321100.0,Data is limited by one year as you have free subscription,KEJU
2025-04-09,165.0,165.0,162.0,163.0,163.0,43100.0,Data is limited by one year as you have free subscription,KETR
2025-04-09,17.0,17.0,17.0,17.0,17.0,72300.0,Data is limited by one year as you have free subscription,KIAS
2025-04-09,109.0,112.0,103.0,108.0,108.0,244500.0,Data is limited by one year as you have free subscription,KICI
2025-04-09,160.0,168.0,155.0,168.0,166.3364,170098000.0,Data is limited by one year as you have free subscription,KIJA
2025-04-09,195.0,195.0,190.0,195.0,195.0,2400.0,Data is limited by one year as you have free subscription,KING
2025-04-09,1045.0,1045.0,1000.0,1010.0,1010.0,15300.0,Data is limited by one year as you have free subscription,KINO
2025-04-09,50.0,50.0,50.0,50.0,50.0,10000.0,Data is limited by one year as you have free subscription,KIOS
2025-04-09,85.0,89.0,75.0,80.0,80.0,2872200.0,Data is limited by one year as you have free subscription,KJEN
2025-04-09,25.0,25.0,25.0,25.0,25.0,500.0,Data is limited by one year as you have free subscription,KKES
2025-04-09,362.0,368.0,356.0,358.0,326.9719,3088600.0,Data is limited by one year as you have free subscription,KKGI
2025-04-09,105.0,106.0,102.0,104.0,103.2464,4616100.0,Data is limited by one year as you have free subscription,KLAS
2025-04-09,1050.0,1120.0,1050.0,1105.0,1079.3355,57273200.0,Data is limited by one year as you have free subscription,KLBF
2025-04-09,157.0,157.0,153.0,154.0,154.0,4277700.0,Data is limited by one year as you have free subscription,KLIN
2025-04-09,550.0,565.0,535.0,555.0,522.8565,498800.0,Data is limited by one year as you have free subscription,KMDS
2025-04-09,290.0,290.0,252.0,252.0,252.0,59200.0,Data is limited by one year as you have free subscription,KMTR
2025-04-09,130.0,130.0,125.0,127.0,127.0,537800.0,Data is limited by one year as you have free subscription,KOBX
2025-04-09,50.0,50.0,50.0,50.0,47.1698,400.0,Data is limited by one year as you have free subscription,KOCI
2025-04-09,65.0,65.0,65.0,65.0,65.0,0.0,Data is limited by one year as you have free subscription,KOIN
2025-04-09,86.0,88.0,82.0,84.0,84.0,1523900.0,Data is limited by one year as you have free subscription,KOKA
2025-04-09,1250.0,1250.0,1235.0,1240.0,1240.0,600.0,Data is limited by one year as you have free subscription,KONI
2025-04-09,935.0,935.0,930.0,930.0,930.0,13900.0,Data is limited by one year as you have free subscription,KOPI
2025-04-09,7.0,8.0,7.0,7.0,7.0,6822400.0,Data is limited by one year as you have free subscription,KOTA
2025-04-09,113.0,117.0,111.0,111.0,111.0,8776500.0,Data is limited by one year as you have free subscription,KPIG
2025-04-09,104.0,108.0,103.0,106.0,106.0,3722900.0,Data is limited by one year as you have free subscription,KRAS
2025-04-09,9.0,9.0,9.0,9.0,9.0,16760200.0,Data is limited by one year as you have free subscription,KREN
2025-04-09,63.0,63.0,58.0,58.0,58.0,2818400.0,Data is limited by one year as you have free subscription,KRYA
2025-04-09,177.0,198.0,171.0,194.0,194.0,500700.0,Data is limited by one year as you have free subscription,KSIX
2025-04-09,50.0,50.0,50.0,50.0,48.5294,55600.0,Data is limited by one year as you have free subscription,KUAS
2025-04-09,99.0,103.0,98.0,100.0,100.0,4883200.0,Data is limited by one year as you have free subscription,LABA
2025-04-09,112.0,113.0,111.0,111.0,111.0,429800.0,Data is limited by one year as you have free subscription,LABS
2025-04-09,50.0,50.0,50.0,50.0,50.0,1200.0,Data is limited by one year as you have free subscription,LAJU
2025-04-09,14.0,14.0,13.0,13.0,13.0,33000.0,Data is limited by one year as you have free subscription,LAND
2025-04-09,17.0,18.0,17.0,17.0,17.0,275400.0,Data is limited by one year as you have free subscription,LAPD
2025-04-09,114.0,114.0,114.0,114.0,114.0,0.0,Data is limited by one year as you have free subscription,LCGP
2025-04-09,218.0,230.0,218.0,230.0,230.0,10500.0,Data is limited by one year as you have free subscription,LCKM
2025-04-09,68.0,72.0,67.0,70.0,70.0,5201100.0,Data is limited by one year as you have free subscription,LEAD
2025-04-09,114.0,120.0,113.0,113.0,113.0,1800.0,Data is limited by one year as you have free subscription,LFLO
2025-04-09,6125.0,6125.0,6125.0,6125.0,5979.8148,300.0,Data is limited by one year as you have free subscription,LIFE
2025-04-09,2090.0,2090.0,2000.0,2000.0,2000.0,8300.0,Data is limited by one year as you have free subscription,LINK
2025-04-09,370.0,370.0,312.0,316.0,311.9487,231900.0,Data is limited by one year as you have free subscription,LION
2025-04-09,114.0,151.0,107.0,151.0,151.0,72817300.0,Data is limited by one year as you have free subscription,LIVE
2025-04-09,50.0,50.0,50.0,50.0,50.0,0.0,Data is limited by one year as you have free subscription,LMAS
